price,address,price_m2,rooms,toilets,direction,floors,property_legal_document,house_type,furnishing_sell,width,length,living_size,size
"5,50 tỷ",Cập nhật 6 giờ trước,44 triệu/m²,2 phòng,2 phòng,Tây,1,Đã có sổ,"Nhà ngõ, hẻm",,,,172.1 m²,
"4,50 tỷ","Đường Lê Văn Quới, Phường Bình Hưng Hoà A, Quận Bình Tân, Tp Hồ Chí Minh","112,50 triệu/m²",4 phòng,3 phòng,Đông,4,Đã có sổ,"Nhà ngõ, hẻm",Nội thất đầy đủ,,,,
"5,50 tỷ","2, Nguyễn Thị Sẳng, Thị trấn Củ Chi, Huyện Củ Chi, Tp Hồ Chí Minh","18,33 triệu/m²",2 phòng,,Đông Nam,1,Đã có sổ,"Nhà mặt phố, mặt tiền",Hoàn thiện cơ bản,6 m,,,
3 tỷ,"Đường số 22, Phường An Khánh, Quận Ninh Kiều, Cần Thơ",75 triệu/m²,2 phòng,3 phòng,Đông Nam,2,Đã có sổ,"Nhà mặt phố, mặt tiền",Nội thất cao cấp,,,,
"3,55 tỷ","Đường Nguyễn Thái Sơn, Phường 4, Quận Gò Vấp, Tp Hồ Chí Minh","110,94 triệu/m²",2 phòng,2 phòng,Đông Bắc,2,Đã có sổ,"Nhà mặt phố, mặt tiền",Hoàn thiện cơ bản,,,,
"1,50 tỷ","Đường 1A, Xã Vĩnh Lộc B, Huyện Bình Chánh, Tp Hồ Chí Minh","37,50 triệu/m²",2 phòng,2 phòng,Nam,2,Không có sổ,"Nhà ngõ, hẻm",Nội thất đầy đủ,,,,
68 tỷ,"18, Hẻm 39 Đông Hưng Thuận 2, Phường Đông Hưng Thuận, Quận 12, Tp Hồ Chí Minh","63,31 triệu/m²",nhiều hơn 10 phòng,Nhiều hơn 6 phòng,,3,Đã có sổ,"Nhà ngõ, hẻm",Nội thất cao cấp,42 m,,,
"6,30 tỷ","Đường Đặng Đức Thuật, Phường Tam Hiệp, Thành phố Biên Hòa, Đồng Nai","43,45 triệu/m²",3 phòng,,Đông,2,Đã có sổ,Nhà phố liền kề,,10 m,14 m,,
"6,10 tỷ","62A, Đường số 22, Phường Bình Hưng Hoà A, Quận Bình Tân, Tp Hồ Chí Minh","82,10 triệu/m²",1 phòng,,Tây,1,Đã có sổ,"Nhà mặt phố, mặt tiền",,3.6 m,21 m,,
"15,30 tỷ",Cập nhật 21 giờ trước,"283,33 triệu/m²",4 phòng,,,,Đã có sổ,"Nhà mặt phố, mặt tiền",,,,,54 m²
15 tỷ,"Đường Võ Chí Công, Phường Phú Hữu, Quận 9, Tp Hồ Chí Minh, Phường Phú Hữu (Quận 9 cũ), Thành phố Thủ Đức, Tp Hồ Chí Minh",150 triệu/m²,5 phòng,5 phòng,,4,Đã có sổ,"Nhà mặt phố, mặt tiền",,5 m,20 m,,
36 tỷ,"Đường Tên Lửa, Phường Bình Trị Đông B, Quận Bình Tân, Tp Hồ Chí Minh",200 triệu/m²,6 phòng,,,5,Đã có sổ,"Nhà mặt phố, mặt tiền",,9 m,20 m,752 m²,
"1,80 tỷ","Võ Văn Phẩm, Xã Bình Phú, Thành phố Bến Tre, Bến Tre","11,56 triệu/m²",3 phòng,,Đông Bắc,,Đã có sổ,"Nhà ngõ, hẻm",,5 m,31 m,,155.7 m²
"7,20 tỷ","Đường Số 21, Phường Tân Quy, Quận 7, Tp Hồ Chí Minh","141,18 triệu/m²",2 phòng,1 phòng,,2,Đã có sổ,"Nhà mặt phố, mặt tiền",Hoàn thiện cơ bản,3 m,,,
"2,65 tỷ","Đường Thượng Cát, Phường Thượng Cát, Quận Bắc Từ Liêm, Hà Nội","85,48 triệu/m²",2 phòng,1 phòng,,2,Đã có sổ,"Nhà ngõ, hẻm",Hoàn thiện cơ bản,3.5 m,,,
"5,58 tỷ",Cập nhật 1 ngày trước,"164,12 triệu/m²",3 phòng,,,5,Đã có sổ,"Nhà ngõ, hẻm",,,,,34 m²
1 tỷ,"Đường Nguyễn Cửu Phú, Phường Tân Tạo A, Quận Bình Tân, Tp Hồ Chí Minh",10 triệu/m²,2 phòng,1 phòng,,,Đã có sổ,"Nhà ngõ, hẻm",,5 m,20 m,100 m²,
280 tỷ,"Lê Văn Quới, Phường Bình Trị Đông A, Quận Bình Tân, Tp Hồ Chí Minh","137,59 triệu/m²",nhiều hơn 10 phòng,Nhiều hơn 6 phòng,,,Đã có sổ,"Nhà mặt phố, mặt tiền",,37 m,55 m,,2035 m²
"4,58 tỷ","Đường Thạnh Xuân 25, Phường Thạnh Xuân, Quận 12, Tp Hồ Chí Minh","88,08 triệu/m²",3 phòng,4 phòng,Đông Bắc,3,Đã có sổ,Nhà phố liền kề,Hoàn thiện cơ bản,,,,
"2,65 tỷ",Cập nhật 1 ngày trước,"88,33 triệu/m²",2 phòng,2 phòng,,,Đã có sổ,"Nhà ngõ, hẻm",Nội thất đầy đủ,,,,30 m²
"1,32 tỷ","Đường Hưng Nhơn, Xã Tân Kiên, Huyện Bình Chánh, Tp Hồ Chí Minh","14,67 triệu/m²",3 phòng,3 phòng,,2,Đã có sổ,"Nhà mặt phố, mặt tiền",Nội thất đầy đủ,4.5 m,,,
"9,90 tỷ","Đường Cộng Hòa, Phường 13, Quận Tân Bình, Tp Hồ Chí Minh","123,75 triệu/m²",3 phòng,3 phòng,,3,Đã có sổ,"Nhà ngõ, hẻm",Nội thất đầy đủ,5 m,,,
"4,70 tỷ",Cập nhật 1 ngày trước,94 triệu/m²,3 phòng,2 phòng,,,Đã có sổ,"Nhà ngõ, hẻm",Hoàn thiện cơ bản,,,,50 m²
"3,85 tỷ","Đường Trần Văn Ơn, Phường Phú Hòa, Thành phố Thủ Dầu Một, Bình Dương","48,13 triệu/m²",4 phòng,4 phòng,Đông Nam,3,Đã có sổ,"Nhà ngõ, hẻm",Nội thất đầy đủ,,,,
"3,73 tỷ","Đường Lê Văn Quới, Phường Bình Hưng Hoà A, Quận Bình Tân, Tp Hồ Chí Minh","84,77 triệu/m²",2 phòng,2 phòng,,2,Đã có sổ,"Nhà ngõ, hẻm",Hoàn thiện cơ bản,4 m,,,
"1,70 tỷ","Quốc lộ 13, Phường Thới Hòa, Thị xã Bến Cát, Bình Dương","11,33 triệu/m²",6 phòng,,,,Đã có sổ,"Nhà mặt phố, mặt tiền",,5 m,30 m,150 m²,
"13,70 tỷ","Đường Số 2, Phường Phú Mỹ, Quận 7, Tp Hồ Chí Minh","148,11 triệu/m²",4 phòng,4 phòng,Tây,4,Đã có sổ,"Nhà mặt phố, mặt tiền",,,,,
"3,20 tỷ","Dt473a, Phường Bình Chuẩn, Thành phố Thuận An, Bình Dương","35,56 triệu/m²",3 phòng,,,2,Đã có sổ,Nhà phố liền kề,,4.5 m,20 m,,
"3,85 tỷ",Cập nhật 3 ngày trước,"64,17 triệu/m²",3 phòng,,,,Đã có sổ,"Nhà ngõ, hẻm",,,,,60 m²
"7,20 tỷ","b19/16 ấp 2 xã Hưng Long. huyện Bình Chánh, Đường Đoàn Nguyễn Tuấn, Xã Hưng Long, Huyện Bình Chánh, Tp Hồ Chí Minh","10,81 triệu/m²",2 phòng,1 phòng,,1,Đã có sổ,"Nhà ngõ, hẻm",Hoàn thiện cơ bản,20 m,,,
"3,85 tỷ","Đường Trần Văn Ơn, Phường Phú Hòa, Thành phố Thủ Dầu Một, Bình Dương","48,13 triệu/m²",4 phòng,4 phòng,Đông Nam,3,Đã có sổ,"Nhà ngõ, hẻm",Nội thất đầy đủ,,,,
"3,73 tỷ","Đường Lê Văn Quới, Phường Bình Hưng Hoà A, Quận Bình Tân, Tp Hồ Chí Minh","84,77 triệu/m²",2 phòng,2 phòng,,2,Đã có sổ,"Nhà ngõ, hẻm",Hoàn thiện cơ bản,4 m,,,
"6,60 tỷ",11 Nguyễn Bá Tuyển,"157,14 triệu/m²",1 phòng,,,,Đã có sổ,"Nhà ngõ, hẻm",,3.9 m,13.5 m,42 m²,
20 tỷ,"Đường Phạm Văn Đồng, Phường Hiệp Bình Chánh (Quận Thủ Đức cũ), Thành phố Thủ Đức, Tp Hồ Chí Minh","149,25 triệu/m²",4 phòng,5 phòng,,4,Đã có sổ,"Nhà mặt phố, mặt tiền",Nội thất đầy đủ,5.1 m,,,
980 triệu,"Hương Lộ 2, Phường Bình Trị Đông A, Quận Bình Tân, Tp Hồ Chí Minh","15,08 triệu/m²",3 phòng,2 phòng,,2,Đã có sổ,"Nhà mặt phố, mặt tiền",Nội thất đầy đủ,5 m,,,
"2,80 tỷ","Đường Văn Thánh 4, Phường Hòa Hiệp Nam, Quận Liên Chiểu, Đà Nẵng","26,67 triệu/m²",3 phòng,2 phòng,Đông Nam,,Đã có sổ,"Nhà mặt phố, mặt tiền",Nội thất đầy đủ,5 m,,,
"11,80 tỷ","Phố Định Công Thượng, Phường Định Công, Quận Hoàng Mai, Hà Nội","147,50 triệu/m²",5 phòng,,,,Đã có sổ,Nhà phố liền kề,,4.5 m,,,80 m²
"5,70 tỷ","Đường Cô Giang, Phường 2, Quận Phú Nhuận, Tp Hồ Chí Minh","162,86 triệu/m²",2 phòng,2 phòng,,2,Đã có sổ,"Nhà ngõ, hẻm",,3.5 m,10 m,,
"8,85 tỷ","Đường Trần Phú, Phường Mộ Lao, Quận Hà Đông, Hà Nội","221,25 triệu/m²",3 phòng,,,,Đã có sổ,"Nhà ngõ, hẻm",,5.5 m,,,40 m²
"10,10 tỷ","Khu đô thị Yên Nghĩa, Phường Yên Nghĩa, Quận Hà Đông, Hà Nội",202 triệu/m²,6 phòng,,,,Đã có sổ,Nhà phố liền kề,,4 m,12.5 m,,50 m²
4 tỷ,"Đường số 9, Phường Bình Hưng Hòa, Quận Bình Tân, Tp Hồ Chí Minh","66,67 triệu/m²",3 phòng,3 phòng,,2,Đã có sổ,"Nhà ngõ, hẻm",Nội thất cao cấp,4 m,,,
"2,60 tỷ","Lê Văn Thọ, Phường 9, Quận Gò Vấp, Tp Hồ Chí Minh",130 triệu/m²,2 phòng,2 phòng,Đông Nam,1,Đã có sổ,"Nhà ngõ, hẻm",Hoàn thiện cơ bản,,,,
"20,50 tỷ","Phố Nguyễn Văn Trỗi, Phường Phương Liệt, Quận Thanh Xuân, Hà Nội","186,36 triệu/m²",10 phòng,,,,Đã có sổ,"Nhà mặt phố, mặt tiền",,6.5 m,,,110 m²
"1,80 tỷ","Lý Thường Kiệt, Phường 9, Quận Tân Bình, Tp Hồ Chí Minh",90 triệu/m²,2 phòng,2 phòng,Tây Nam,1,Đã có sổ,"Nhà ngõ, hẻm",Nội thất đầy đủ,,,,
"1,65 tỷ","Nguyễn Xí, Phường 26, Quận Bình Thạnh, Tp Hồ Chí Minh",110 triệu/m²,2 phòng,2 phòng,Đông Nam,1,Đã có sổ,"Nhà ngõ, hẻm",Nội thất đầy đủ,,,,
"1,35 tỷ","Phước Lâm, Thị trấn Cần Giuộc, Huyện Cần Giuộc, Long An","19,29 triệu/m²",2 phòng,2 phòng,,1,Đã có sổ,"Nhà mặt phố, mặt tiền",Nội thất đầy đủ,5 m,,,
"2,10 tỷ","Mạc Đăng Dung, Phường Hội Phú, Thành phố Pleiku, Gia Lai",20 triệu/m²,3 phòng,2 phòng,Tây Bắc,2,Đã có sổ,"Nhà ngõ, hẻm",Nội thất đầy đủ,,,,
"2,10 tỷ","Lê Văn Sĩ, Phường 14, Quận 3, Tp Hồ Chí Minh",105 triệu/m²,3 phòng,3 phòng,Đông Nam,2,Đã có sổ,"Nhà ngõ, hẻm",Nội thất đầy đủ,,,,
"3,87 tỷ","Đường số 5, Phường Bình Trưng Tây (Quận 2 cũ), Thành phố Thủ Đức, Tp Hồ Chí Minh","77,36 triệu/m²",2 phòng,2 phòng,Đông Nam,1,Đã có sổ,"Nhà ngõ, hẻm",Nội thất đầy đủ,,,,
"2,40 tỷ","Đặng Trần Côn, Phường Trà Bá, Thành phố Pleiku, Gia Lai","24,62 triệu/m²",3 phòng,2 phòng,Nam,2,Đã có sổ,"Nhà ngõ, hẻm",Nội thất đầy đủ,,,,
"1,35 tỷ","Phước Lâm, Thị trấn Cần Giuộc, Huyện Cần Giuộc, Long An","19,29 triệu/m²",2 phòng,2 phòng,,1,Đã có sổ,"Nhà mặt phố, mặt tiền",Nội thất đầy đủ,5 m,,,
"2,10 tỷ","Mạc Đăng Dung, Phường Hội Phú, Thành phố Pleiku, Gia Lai",20 triệu/m²,3 phòng,2 phòng,Tây Bắc,2,Đã có sổ,"Nhà ngõ, hẻm",Nội thất đầy đủ,,,,
"2,10 tỷ","Lê Văn Sĩ, Phường 14, Quận 3, Tp Hồ Chí Minh",105 triệu/m²,3 phòng,3 phòng,Đông Nam,2,Đã có sổ,"Nhà ngõ, hẻm",Nội thất đầy đủ,,,,
"3,87 tỷ","Đường số 5, Phường Bình Trưng Tây (Quận 2 cũ), Thành phố Thủ Đức, Tp Hồ Chí Minh","77,36 triệu/m²",2 phòng,2 phòng,Đông Nam,1,Đã có sổ,"Nhà ngõ, hẻm",Nội thất đầy đủ,,,,
"2,40 tỷ","Đặng Trần Côn, Phường Trà Bá, Thành phố Pleiku, Gia Lai","24,62 triệu/m²",3 phòng,2 phòng,Nam,2,Đã có sổ,"Nhà ngõ, hẻm",Nội thất đầy đủ,,,,
"21,50 tỷ","Đường Trần Quang Khải, Phường Tân Định, Quận 1, Tp Hồ Chí Minh","268,75 triệu/m²",2 phòng,2 phòng,,2,Đã có sổ,"Nhà mặt phố, mặt tiền",Hoàn thiện cơ bản,4 m,,,
"2,30 tỷ",Cập nhật 1 ngày trước,46 triệu/m²,2 phòng,2 phòng,Tây Bắc,2,Đã có sổ,"Nhà ngõ, hẻm",,,,100 m²,
"3,50 tỷ","Đường Lê Hồng Phong, Phường Tân Bình, Thành phố Dĩ An, Bình Dương","46,67 triệu/m²",3 phòng,3 phòng,,2,Đã có sổ,Nhà phố liền kề,,5 m,15 m,,
"3,60 tỷ","đường số 12, KDC Vạn Phát Cồn Khương, Phường Cái Khế, Quận Ninh Kiều, Cần Thơ","56,23 triệu/m²",2 phòng,2 phòng,Đông,2,Đã có sổ,"Nhà mặt phố, mặt tiền",Nội thất đầy đủ,,,,
"5,20 tỷ",Cập nhật 1 ngày trước,"123,81 triệu/m²",4 phòng,,,,Đã có sổ,"Nhà ngõ, hẻm",,,,,42 m²
"4,30 tỷ",Cập nhật 1 ngày trước,"58,11 triệu/m²",2 phòng,,,,Đã có sổ,"Nhà mặt phố, mặt tiền",,,,,74 m²
"2,19 tỷ",Cập nhật 1 ngày trước,"22,81 triệu/m²",2 phòng,,,,Đã có sổ,"Nhà ngõ, hẻm",,,,,96 m²
"4,50 tỷ","Đường Phạm Văn Sáng, Xã Vĩnh Lộc A, Huyện Bình Chánh, Tp Hồ Chí Minh","28,13 triệu/m²",5 phòng,,,,Sổ chung / công chứng vi bằng,"Nhà mặt phố, mặt tiền",,5 m,32 m,160 m²,
"5,95 tỷ","NGUYỄN THI KIỂU, Phường Tân Thới Hiệp, Quận 12, Tp Hồ Chí Minh","106,25 triệu/m²",3 phòng,3 phòng,,2,Đã có sổ,"Nhà mặt phố, mặt tiền",Nội thất cao cấp,4 m,,,
"1,05 tỷ","Đường N9, Phường Thuận Giao, Thành phố Thuận An, Bình Dương","11,67 triệu/m²",3 phòng,2 phòng,,1,Đã có sổ,"Nhà mặt phố, mặt tiền",Nội thất đầy đủ,5 m,,,
"3,70 tỷ","Lý Tự Trọng, Phường Tây Sơn, Thành phố Pleiku, Gia Lai","18,50 triệu/m²",2 phòng,2 phòng,Tây Bắc,1,Đã có sổ,"Nhà ngõ, hẻm",Nội thất cao cấp,,,,
"7,25 tỷ","Đường 2d Nối Dài, Phường An Lạc, Quận Bình Tân, Tp Hồ Chí Minh","95,39 triệu/m²",5 phòng,5 phòng,,4,Đã có sổ,"Nhà mặt phố, mặt tiền",,4.2 m,18 m,,
"2,95 tỷ",Cập nhật 1 ngày trước,"1,18 triệu/m²",2 phòng,3 phòng,,,Đã có sổ,"Nhà ngõ, hẻm",,,,2500 m²,2500 m²
"4,50 tỷ",Cập nhật 1 ngày trước,"107,14 triệu/m²",3 phòng,3 phòng,,,Đã có sổ,"Nhà ngõ, hẻm",,,,,42 m²
"4,50 tỷ",Cập nhật 1 ngày trước,"107,14 triệu/m²",3 phòng,3 phòng,,,Đã có sổ,"Nhà ngõ, hẻm",,,,,42 m²
"3,68 tỷ","Đường Hoa Lan, Phường 2, Quận Phú Nhuận, Tp Hồ Chí Minh","57,50 triệu/m²",4 phòng,5 phòng,,3,Đang chờ sổ,Nhà phố liền kề,Nội thất đầy đủ,5 m,,,
"3,09 tỷ","Đường Nguyễn Du, Phường Bình Hòa, Thành phố Thuận An, Bình Dương","16,26 triệu/m²",9 phòng,Nhiều hơn 6 phòng,Đông,,Đã có sổ,"Nhà ngõ, hẻm",Hoàn thiện cơ bản,11 m,,,
"8,30 tỷ","Đường số 8A, Phường Bình Trị Đông B, Quận Bình Tân, Tp Hồ Chí Minh","153,70 triệu/m²",4 phòng,4 phòng,Đông,4,Đã có sổ,"Nhà mặt phố, mặt tiền",,4.5 m,,,
"3,03 tỷ",24 Bạch Đằng ,"34,83 triệu/m²",4 phòng,,,,Đã có sổ,Nhà phố liền kề,,4 m,22 m,87 m²,87 m²
"4,49 tỷ",Cập nhật 1 ngày trước,"29,54 triệu/m²",3 phòng,,,,Đã có sổ,"Nhà mặt phố, mặt tiền",,,,,152 m²
3 tỷ,"Đường Lê Đức Thọ, Phường 15, Quận Gò Vấp, Tp Hồ Chí Minh",75 triệu/m²,3 phòng,,,,Đã có sổ,"Nhà ngõ, hẻm",,4 m,10 m,,40 m²
"7,90 tỷ","Tx 46, Phường Thạnh Xuân, Quận 12, Tp Hồ Chí Minh","38,94 triệu/m²",1 phòng,1 phòng,Nam,1,Đã có sổ,"Nhà ngõ, hẻm",,6.5 m,,,
"3,90 tỷ",Cập nhật 1 ngày trước,"162,50 triệu/m²",4 phòng,,,,Đã có sổ,"Nhà ngõ, hẻm",,,,,24 m²
"16,50 tỷ","Đường Tên Lửa, Phường Bình Trị Đông B, Quận Bình Tân, Tp Hồ Chí Minh","175,53 triệu/m²",1 phòng,1 phòng,Tây,,Đã có sổ,"Nhà mặt phố, mặt tiền",,4 m,23.6 m,,
3 tỷ,"68/286A, Đường Trần Quang Khải, Phường Tân Định, Quận 1, Tp Hồ Chí Minh",150 triệu/m²,2 phòng,2 phòng,,2,Đã có sổ,"Nhà ngõ, hẻm",Nội thất cao cấp,4 m,,,
935 triệu,"Đường Trịnh Như Khuê, Xã Bình Chánh, Huyện Bình Chánh, Tp Hồ Chí Minh","9,35 triệu/m²",3 phòng,2 phòng,,1,Đã có sổ,"Nhà mặt phố, mặt tiền",Nội thất đầy đủ,5 m,,,
"5,65 tỷ","Đường Lê Văn Thọ, Phường 9, Quận Gò Vấp, Tp Hồ Chí Minh","102,73 triệu/m²",4 phòng,4 phòng,,4,Đã có sổ,"Nhà ngõ, hẻm",Nội thất đầy đủ,5 m,,,
"4,49 tỷ","Đường Phạm Văn Hai, Phường 5, Quận Tân Bình, Tp Hồ Chí Minh","91,82 triệu/m²",4 phòng,3 phòng,,,Đã có sổ,Nhà phố liền kề,Nội thất đầy đủ,4.1 m,12 m,,
"2,99 tỷ","Đường Nguyễn Văn Luông, Phường 11, Quận 6, Tp Hồ Chí Minh","83,06 triệu/m²",3 phòng,2 phòng,,,Đã có sổ,"Nhà ngõ, hẻm",,6 m,6 m,,
"6,90 tỷ","Đường Thống Nhất, Phường 16, Quận Gò Vấp, Tp Hồ Chí Minh",69 triệu/m²,3 phòng,3 phòng,,2,Đã có sổ,Nhà phố liền kề,Nội thất đầy đủ,5 m,,,
"1,10 tỷ",Cập nhật 6 giờ trước,"73,33 triệu/m²",3 phòng,2 phòng,,,Đã có sổ,"Nhà ngõ, hẻm",,,,,15 m²
"4,65 tỷ","Đường Gò Cát, Phường Phú Hữu (Quận 9 cũ), Thành phố Thủ Đức, Tp Hồ Chí Minh","79,08 triệu/m²",2 phòng,2 phòng,,,Đã có sổ,"Nhà ngõ, hẻm",,4 m,14.7 m,,58.8 m²
"7,49 tỷ","Đường Nguyễn Văn Khối, Phường 8, Quận Gò Vấp, Tp Hồ Chí Minh",107 triệu/m²,4 phòng,4 phòng,,4,Đã có sổ,Nhà phố liền kề,Nội thất cao cấp,4.3 m,,,
"3,68 tỷ",Cập nhật 1 ngày trước,"75,72 triệu/m²",2 phòng,2 phòng,,,Đã có sổ,"Nhà mặt phố, mặt tiền",,,12 m,80 m²,48.6 m²
"7,49 tỷ","Đường Nguyễn Văn Khối, Phường 8, Quận Gò Vấp, Tp Hồ Chí Minh",107 triệu/m²,4 phòng,4 phòng,,4,Đã có sổ,Nhà phố liền kề,Nội thất cao cấp,4.3 m,,,
"3,68 tỷ",Cập nhật 1 ngày trước,"75,72 triệu/m²",2 phòng,2 phòng,,,Đã có sổ,"Nhà mặt phố, mặt tiền",,,12 m,80 m²,48.6 m²
"3,68 tỷ","Nguyễn Trãi, Phường 2, Quận 5, Tp Hồ Chí Minh","122,67 triệu/m²",2 phòng,2 phòng,Tây Bắc,2,Đã có sổ,"Nhà ngõ, hẻm",Nội thất đầy đủ,,,,
"5,80 tỷ","Đường Mã Lò, Phường Bình Trị Đông A, Quận Bình Tân, Tp Hồ Chí Minh","90,63 triệu/m²",4 phòng,,,3,Đã có sổ,"Nhà ngõ, hẻm",Nội thất đầy đủ,4 m,16 m,,
"1,99 tỷ","Đường Liên khu 4-5, Phường Bình Hưng Hoà B, Quận Bình Tân, Tp Hồ Chí Minh","99,50 triệu/m²",2 phòng,2 phòng,,,Đã có sổ,"Nhà ngõ, hẻm",,5 m,4 m,20 m²,
710 triệu,"Đường Vĩnh Lộc, Xã Vĩnh Lộc A, Huyện Bình Chánh, Tp Hồ Chí Minh","8,88 triệu/m²",1 phòng,1 phòng,,,Đã có sổ,"Nhà ngõ, hẻm",,5 m,16 m,,
"4,80 tỷ","Đông Hưng Thuận 6, Phường Đông Hưng Thuận, Quận 12, Tp Hồ Chí Minh","55,17 triệu/m²",6 phòng,,,,Đã có sổ,"Nhà mặt phố, mặt tiền",,8.7 m,10 m,,87 m²
"5,49 tỷ","Đường Nguyễn Thị Búp, Phường Tân Chánh Hiệp, Quận 12, Tp Hồ Chí Minh",61 triệu/m²,2 phòng,1 phòng,Bắc,1,Đã có sổ,"Nhà mặt phố, mặt tiền",,4.5 m,,,
"3,10 tỷ",Cập nhật 1 ngày trước,"119,23 triệu/m²",3 phòng,2 phòng,,,Đã có sổ,"Nhà ngõ, hẻm",,,,,26 m²
"7,85 tỷ","7, Phố Dịch Vọng, Phường Dịch Vọng, Quận Cầu Giấy, Hà Nội","218,06 triệu/m²",6 phòng,4 phòng,,5,Đã có sổ,"Nhà ngõ, hẻm",,3.4 m,,300 m²,
"9,20 tỷ","Đường Hoa Sữa, Phường 7, Quận Phú Nhuận, Tp Hồ Chí Minh","296,77 triệu/m²",4 phòng,5 phòng,,4,Đã có sổ,"Nhà mặt phố, mặt tiền",Nội thất đầy đủ,13 m,,,
"1,85 tỷ","Đường Tân Chánh Hiệp 35, Phường Tân Chánh Hiệp, Quận 12, Tp Hồ Chí Minh","67,27 triệu/m²",2 phòng,2 phòng,Đông Nam,1,Đã có sổ,"Nhà ngõ, hẻm",,5 m,,,
6 tỷ,Cập nhật 1 ngày trước,"107,14 triệu/m²",4 phòng,4 phòng,,5,Đã có sổ,"Nhà ngõ, hẻm",,,,,56 m²
860 triệu,"Tx21, Phường Thạnh Xuân, Quận 12, Tp Hồ Chí Minh","14,33 triệu/m²",1 phòng,1 phòng,Tây Bắc,,Sổ chung / công chứng vi bằng,"Nhà ngõ, hẻm",Hoàn thiện cơ bản,4 m,,,
6 tỷ,"Đường Lê Trọng Tấn, Phường Tây Thạnh, Quận Tân Phú, Tp Hồ Chí Minh","69,28 triệu/m²",5 phòng,5 phòng,Tây Bắc,,Đã có sổ,"Nhà ngõ, hẻm",,6 m,16.5 m,,
"6,20 tỷ","Lê Đình Cẩn, Phường Tân Tạo, Quận Bình Tân, Tp Hồ Chí Minh","84,93 triệu/m²",4 phòng,,,3,Đã có sổ,"Nhà ngõ, hẻm",,4 m,18 m,,
"12,90 tỷ","Khu đô thị Mậu Lương, Phường Kiến Hưng, Quận Hà Đông, Hà Nội",258 triệu/m²,5 phòng,,,,Đã có sổ,Nhà phố liền kề,,4 m,12.5 m,,50 m²
"9,40 tỷ","Đường Huỳnh Văn Bánh, Phường 15, Quận Phú Nhuận, Tp Hồ Chí Minh","110,59 triệu/m²",6 phòng,Nhiều hơn 6 phòng,,4,Đã có sổ,"Nhà ngõ, hẻm",Nội thất đầy đủ,4.9 m,,,
"5,90 tỷ","Đường Huỳnh Tấn Phát, Phường Tân Phú, Quận 7, Tp Hồ Chí Minh","56,19 triệu/m²",2 phòng,,,,Đã có sổ,"Nhà ngõ, hẻm",,7 m,15 m,,105 m²
"8,90 tỷ","Đường Đoàn Văn Bơ, Phường 14, Quận 4, Tp Hồ Chí Minh",89 triệu/m²,4 phòng,5 phòng,Đông Nam,3,Đã có sổ,"Nhà ngõ, hẻm",Nội thất đầy đủ,,,,
"3,10 tỷ",Cập nhật 1 ngày trước,"119,23 triệu/m²",3 phòng,2 phòng,,,Đã có sổ,"Nhà ngõ, hẻm",,,,,26 m²
"7,85 tỷ","7, Phố Dịch Vọng, Phường Dịch Vọng, Quận Cầu Giấy, Hà Nội","218,06 triệu/m²",6 phòng,4 phòng,,5,Đã có sổ,"Nhà ngõ, hẻm",,3.4 m,,300 m²,
"9,20 tỷ","Đường Hoa Sữa, Phường 7, Quận Phú Nhuận, Tp Hồ Chí Minh","296,77 triệu/m²",4 phòng,5 phòng,,4,Đã có sổ,"Nhà mặt phố, mặt tiền",Nội thất đầy đủ,13 m,,,
"1,85 tỷ","Đường Tân Chánh Hiệp 35, Phường Tân Chánh Hiệp, Quận 12, Tp Hồ Chí Minh","67,27 triệu/m²",2 phòng,2 phòng,Đông Nam,1,Đã có sổ,"Nhà ngõ, hẻm",,5 m,,,
6 tỷ,Cập nhật 1 ngày trước,"107,14 triệu/m²",4 phòng,4 phòng,,5,Đã có sổ,"Nhà ngõ, hẻm",,,,,56 m²
860 triệu,"Tx21, Phường Thạnh Xuân, Quận 12, Tp Hồ Chí Minh","14,33 triệu/m²",1 phòng,1 phòng,Tây Bắc,,Sổ chung / công chứng vi bằng,"Nhà ngõ, hẻm",Hoàn thiện cơ bản,4 m,,,
6 tỷ,"Đường Lê Trọng Tấn, Phường Tây Thạnh, Quận Tân Phú, Tp Hồ Chí Minh","69,28 triệu/m²",5 phòng,5 phòng,Tây Bắc,,Đã có sổ,"Nhà ngõ, hẻm",,6 m,16.5 m,,
"6,20 tỷ","Lê Đình Cẩn, Phường Tân Tạo, Quận Bình Tân, Tp Hồ Chí Minh","84,93 triệu/m²",4 phòng,,,3,Đã có sổ,"Nhà ngõ, hẻm",,4 m,18 m,,
"12,90 tỷ","Khu đô thị Mậu Lương, Phường Kiến Hưng, Quận Hà Đông, Hà Nội",258 triệu/m²,5 phòng,,,,Đã có sổ,Nhà phố liền kề,,4 m,12.5 m,,50 m²
"9,40 tỷ","Đường Huỳnh Văn Bánh, Phường 15, Quận Phú Nhuận, Tp Hồ Chí Minh","110,59 triệu/m²",6 phòng,Nhiều hơn 6 phòng,,4,Đã có sổ,"Nhà ngõ, hẻm",Nội thất đầy đủ,4.9 m,,,
"5,90 tỷ","Đường Huỳnh Tấn Phát, Phường Tân Phú, Quận 7, Tp Hồ Chí Minh","56,19 triệu/m²",2 phòng,,,,Đã có sổ,"Nhà ngõ, hẻm",,7 m,15 m,,105 m²
"8,90 tỷ","Đường Đoàn Văn Bơ, Phường 14, Quận 4, Tp Hồ Chí Minh",89 triệu/m²,4 phòng,5 phòng,Đông Nam,3,Đã có sổ,"Nhà ngõ, hẻm",Nội thất đầy đủ,,,,
720 triệu,"Ấp Long Hưng, Xã Long Thượng, Huyện Cần Giuộc, Long An","22,86 triệu/m²",2 phòng,2 phòng,,,Sổ chung / công chứng vi bằng,"Nhà ngõ, hẻm",,3.5 m,9 m,,
"3,98 tỷ","144/7 Lê Văn Thọ Phường 11 Quận Gò Vâp Tphcm, 144/7 Lê Văn Thọ Phường 11 Quận Gò Vâp Tphcm, Phường 11, Quận Gò Vấp, Tp Hồ Chí Minh","107,57 triệu/m²",2 phòng,2 phòng,Nam,2,Đã có sổ,"Nhà ngõ, hẻm",Nội thất đầy đủ,,,,
"6,20 tỷ","Đường Hoàng Hoa Thám, Phường 6, Quận Bình Thạnh, Tp Hồ Chí Minh",155 triệu/m²,5 phòng,4 phòng,,4,Đã có sổ,"Nhà ngõ, hẻm",Nội thất cao cấp,5 m,,,
850 triệu,Cập nhật 1 ngày trước,"8,10 triệu/m²",3 phòng,2 phòng,,1,Đã có sổ,"Nhà ngõ, hẻm",Nội thất đầy đủ,,,100 m²,
"10,30 tỷ","Đường Dương Bá Trạc, Phường 2, Quận 8, Tp Hồ Chí Minh","115,73 triệu/m²",5 phòng,4 phòng,,,Đã có sổ,"Nhà ngõ, hẻm",,4 m,22 m,,
7 tỷ,"Đường Lê Quang Định, Phường 7, Quận Bình Thạnh, Tp Hồ Chí Minh","184,21 triệu/m²",9 phòng,,,5,Đã có sổ,"Nhà ngõ, hẻm",Nội thất đầy đủ,3.8 m,11 m,,
"5,40 tỷ","Đường Nguyễn Thị Kiểu, Phường Tân Thới Hiệp, Quận 12, Tp Hồ Chí Minh","85,71 triệu/m²",2 phòng,2 phòng,,2,Đã có sổ,"Nhà mặt phố, mặt tiền",Nội thất cao cấp,3.5 m,,,
5 tỷ,"Đường Số 1, Phường Hưng Thạnh, Quận Cái Răng, Cần Thơ","62,50 triệu/m²",3 phòng,4 phòng,Đông Bắc,2,Đã có sổ,"Nhà ngõ, hẻm",Nội thất cao cấp,,,,
7 tỷ,"Đường Lê Quang Định, Phường 7, Quận Bình Thạnh, Tp Hồ Chí Minh","184,21 triệu/m²",9 phòng,,,5,Đã có sổ,"Nhà ngõ, hẻm",Nội thất đầy đủ,3.8 m,11 m,,
"5,40 tỷ","Đường Nguyễn Thị Kiểu, Phường Tân Thới Hiệp, Quận 12, Tp Hồ Chí Minh","85,71 triệu/m²",2 phòng,2 phòng,,2,Đã có sổ,"Nhà mặt phố, mặt tiền",Nội thất cao cấp,3.5 m,,,
5 tỷ,"Đường Số 1, Phường Hưng Thạnh, Quận Cái Răng, Cần Thơ","62,50 triệu/m²",3 phòng,4 phòng,Đông Bắc,2,Đã có sổ,"Nhà ngõ, hẻm",Nội thất cao cấp,,,,
"5,45 tỷ","Đường Lâm Văn Bền, Phường Tân Kiểng, Quận 7, Tp Hồ Chí Minh","77,86 triệu/m²",2 phòng,2 phòng,,,Đã có sổ,"Nhà ngõ, hẻm",,4 m,17 m,,
"3,40 tỷ","Đường Tôn Thất Thuyết, Phường 4, Quận 4, Tp Hồ Chí Minh","97,14 triệu/m²",6 phòng,5 phòng,,,Đã có sổ,"Nhà ngõ, hẻm",,3.5 m,10 m,,
"10,80 tỷ","Đường Phạm Thế Hiển, Phường 7, Quận 8, Tp Hồ Chí Minh",90 triệu/m²,4 phòng,,,4,Đã có sổ,"Nhà mặt phố, mặt tiền",Nội thất đầy đủ,6 m,20 m,,
"1,15 tỷ","Đường Hoàng Phan Thái, Xã Bình Chánh, Huyện Bình Chánh, Tp Hồ Chí Minh","10,09 triệu/m²",3 phòng,3 phòng,,2,Đã có sổ,"Nhà mặt phố, mặt tiền",Nội thất đầy đủ,6 m,,,
"6,50 tỷ","Phan Chu Trinh, Phường 24, Quận Bình Thạnh, Tp Hồ Chí Minh","185,71 triệu/m²",6 phòng,,,5,Đã có sổ,"Nhà ngõ, hẻm",Nội thất đầy đủ,3.5 m,12.5 m,,
"9,50 tỷ","Thời An, Phường Thới An, Quận 12, Tp Hồ Chí Minh","62,09 triệu/m²",2 phòng,2 phòng,,1,Đã có sổ,Nhà biệt thự,,15 m,10 m,,
"7,35 tỷ","Đường Phan Văn Trị, Phường 12, Quận Bình Thạnh, Tp Hồ Chí Minh","113,08 triệu/m²",4 phòng,,,4,Đã có sổ,"Nhà ngõ, hẻm",Nội thất đầy đủ,6 m,12 m,,
"3,50 tỷ","Đường Cô Giang, Phường 2, Quận Phú Nhuận, Tp Hồ Chí Minh","129,63 triệu/m²",2 phòng,2 phòng,Tây Nam,3,Đã có sổ,"Nhà ngõ, hẻm",,3 m,,,
"4,39 tỷ","Đường Gò Xoài, Phường Bình Hưng Hoà A, Quận Bình Tân, Tp Hồ Chí Minh","84,42 triệu/m²",4 phòng,3 phòng,,3,Đã có sổ,"Nhà ngõ, hẻm",Nội thất đầy đủ,4 m,,,
780 triệu,"Đường Trần Thị Cờ, Phường Thới An, Quận 12, Tp Hồ Chí Minh","35,45 triệu/m²",1 phòng,1 phòng,,2,Đã có sổ,"Nhà ngõ, hẻm",Nội thất đầy đủ,4 m,,,
"6,60 tỷ",Cập nhật 1 ngày trước,110 triệu/m²,4 phòng,4 phòng,,3,Đã có sổ,"Nhà ngõ, hẻm",,,,,60 m²
930 triệu,Cập nhật 1 ngày trước,"84,55 triệu/m²",2 phòng,3 phòng,,,Đã có sổ,"Nhà ngõ, hẻm",Nội thất đầy đủ,,,,11 m²
"3,55 tỷ","Cây Cám, Phường Bình Hưng Hoà B, Quận Bình Tân, Tp Hồ Chí Minh","52,99 triệu/m²",2 phòng,2 phòng,,,Đã có sổ,"Nhà ngõ, hẻm",Nội thất đầy đủ,4 m,16.7 m,,
"7,25 tỷ","Đường Phan Văn Trị, Phường 11, Quận Bình Thạnh, Tp Hồ Chí Minh","181,25 triệu/m²",4 phòng,4 phòng,,4,Đã có sổ,"Nhà ngõ, hẻm",Nội thất đầy đủ,5 m,,,
14 tỷ,"238, Phố Tân Mai, Phường Tân Mai, Quận Hoàng Mai, Hà Nội","212,12 triệu/m²",5 phòng,3 phòng,Nam,5,Đã có sổ,"Nhà ngõ, hẻm",Nội thất đầy đủ,,,,
"1,69 tỷ","Hẻm 138 Trần Hưng Đạo , Phường An Nghiệp, Quận Ninh Kiều, Cần Thơ","46,94 triệu/m²",2 phòng,1 phòng,Đông Bắc,,Đã có sổ,"Nhà ngõ, hẻm",,4 m,9 m,,
"13,80 tỷ","Đường Trần Xuân Soạn, Phường Tân Hưng, Quận 7, Tp Hồ Chí Minh","172,50 triệu/m²",4 phòng,,,,Đã có sổ,"Nhà ngõ, hẻm",,5 m,16 m,,80 m²
930 triệu,Cập nhật 1 ngày trước,"84,55 triệu/m²",2 phòng,3 phòng,,,Đã có sổ,"Nhà ngõ, hẻm",Nội thất đầy đủ,,,,11 m²
"3,55 tỷ","Cây Cám, Phường Bình Hưng Hoà B, Quận Bình Tân, Tp Hồ Chí Minh","52,99 triệu/m²",2 phòng,2 phòng,,,Đã có sổ,"Nhà ngõ, hẻm",Nội thất đầy đủ,4 m,16.7 m,,
"7,25 tỷ","Đường Phan Văn Trị, Phường 11, Quận Bình Thạnh, Tp Hồ Chí Minh","181,25 triệu/m²",4 phòng,4 phòng,,4,Đã có sổ,"Nhà ngõ, hẻm",Nội thất đầy đủ,5 m,,,
14 tỷ,"238, Phố Tân Mai, Phường Tân Mai, Quận Hoàng Mai, Hà Nội","212,12 triệu/m²",5 phòng,3 phòng,Nam,5,Đã có sổ,"Nhà ngõ, hẻm",Nội thất đầy đủ,,,,
"1,69 tỷ","Hẻm 138 Trần Hưng Đạo , Phường An Nghiệp, Quận Ninh Kiều, Cần Thơ","46,94 triệu/m²",2 phòng,1 phòng,Đông Bắc,,Đã có sổ,"Nhà ngõ, hẻm",,4 m,9 m,,
"13,80 tỷ","Đường Trần Xuân Soạn, Phường Tân Hưng, Quận 7, Tp Hồ Chí Minh","172,50 triệu/m²",4 phòng,,,,Đã có sổ,"Nhà ngõ, hẻm",,5 m,16 m,,80 m²
"1,30 tỷ","97/45, Đường Thống Nhất, Phường 10, Quận Gò Vấp, Tp Hồ Chí Minh","86,67 triệu/m²",1 phòng,1 phòng,,2,Sổ chung / công chứng vi bằng,"Nhà ngõ, hẻm",Nội thất đầy đủ,3 m,,,
"1,20 tỷ","dương, Xã Tân Kiên, Huyện Bình Chánh, Tp Hồ Chí Minh",12 triệu/m²,3 phòng,3 phòng,Bắc,2,Đã có sổ,"Nhà mặt phố, mặt tiền",,5 m,,,
"9,50 tỷ","Đường Phan Xích Long, Phường 7, Quận Phú Nhuận, Tp Hồ Chí Minh","237,50 triệu/m²",8 phòng,,,5,Đã có sổ,"Nhà ngõ, hẻm",Nội thất cao cấp,3.5 m,11 m,,
"5,55 tỷ","Đường Nguyễn Bình, Xã Nhơn Đức, Huyện Nhà Bè, Tp Hồ Chí Minh","61,67 triệu/m²",4 phòng,4 phòng,Đông Nam,3,Đã có sổ,"Nhà mặt phố, mặt tiền",Nội thất cao cấp,,,,
"3,40 tỷ",Cập nhật 1 ngày trước,100 triệu/m²,3 phòng,,,5,Đã có sổ,"Nhà ngõ, hẻm",,,,34 m²,34 m²
"8,30 tỷ","Đường Thạnh Lộc 29, Phường Thạnh Lộc, Quận 12, Tp Hồ Chí Minh","115,28 triệu/m²",4 phòng,5 phòng,Đông Nam,5,Đã có sổ,"Nhà mặt phố, mặt tiền",Nội thất đầy đủ,,,,
930 triệu,Cập nhật 1 ngày trước,"10,33 triệu/m²",2 phòng,,,,Đã có sổ,"Nhà mặt phố, mặt tiền",,,,,90 m²
15 tỷ,"Đường Huỳnh Văn Bánh, Phường 11, Quận Phú Nhuận, Tp Hồ Chí Minh",150 triệu/m²,3 phòng,,,,Đã có sổ,"Nhà ngõ, hẻm",,6 m,16 m,,100 m²
"5,98 tỷ","Đường Lê Văn Khương, Phường Hiệp Thành, Quận 12, Tp Hồ Chí Minh","70,35 triệu/m²",2 phòng,,,,Đã có sổ,"Nhà ngõ, hẻm",,5 m,17 m,,85 m²
"7,30 tỷ",Cập nhật 1 ngày trước,"145,13 triệu/m²",3 phòng,3 phòng,,,Đã có sổ,"Nhà ngõ, hẻm",,,,50.3 m²,50.3 m²
645 triệu,"Vàm Suối, Phường Bình Thắng, Thành phố Dĩ An, Bình Dương","8,06 triệu/m²",3 phòng,2 phòng,Đông Bắc,1,Đã có sổ,"Nhà ngõ, hẻm",Nội thất đầy đủ,,,,
"14,50 tỷ","Duong 6, Phường Linh Tây (Quận Thủ Đức cũ), Thành phố Thủ Đức, Tp Hồ Chí Minh","125,22 triệu/m²",5 phòng,,,,Đã có sổ,"Nhà mặt phố, mặt tiền",,5.54 m,20 m,79 m²,115.8 m²
"5,85 tỷ","Đường Trường Chinh, Phường Tân Thới Nhất, Quận 12, Tp Hồ Chí Minh","87,31 triệu/m²",4 phòng,,,,Đã có sổ,"Nhà ngõ, hẻm",,4 m,16.5 m,,67 m²
"4,55 tỷ",Cập nhật 1 ngày trước,"122,97 triệu/m²",3 phòng,,,,Đã có sổ,"Nhà ngõ, hẻm",,,,,37 m²
"5,98 tỷ","Đường Lê Văn Khương, Phường Hiệp Thành, Quận 12, Tp Hồ Chí Minh","70,35 triệu/m²",2 phòng,,,,Đã có sổ,"Nhà ngõ, hẻm",,5 m,17 m,,85 m²
"7,30 tỷ",Cập nhật 1 ngày trước,"145,13 triệu/m²",3 phòng,3 phòng,,,Đã có sổ,"Nhà ngõ, hẻm",,,,50.3 m²,50.3 m²
645 triệu,"Vàm Suối, Phường Bình Thắng, Thành phố Dĩ An, Bình Dương","8,06 triệu/m²",3 phòng,2 phòng,Đông Bắc,1,Đã có sổ,"Nhà ngõ, hẻm",Nội thất đầy đủ,,,,
"14,50 tỷ","Duong 6, Phường Linh Tây (Quận Thủ Đức cũ), Thành phố Thủ Đức, Tp Hồ Chí Minh","125,22 triệu/m²",5 phòng,,,,Đã có sổ,"Nhà mặt phố, mặt tiền",,5.54 m,20 m,79 m²,115.8 m²
"5,85 tỷ","Đường Trường Chinh, Phường Tân Thới Nhất, Quận 12, Tp Hồ Chí Minh","87,31 triệu/m²",4 phòng,,,,Đã có sổ,"Nhà ngõ, hẻm",,4 m,16.5 m,,67 m²
"4,55 tỷ",Cập nhật 1 ngày trước,"122,97 triệu/m²",3 phòng,,,,Đã có sổ,"Nhà ngõ, hẻm",,,,,37 m²
"3,29 tỷ",Cập nhật 1 ngày trước,"58,75 triệu/m²",2 phòng,,,,Đã có sổ,"Nhà ngõ, hẻm",,,,,56 m²
"8,50 tỷ","Hoàng Hoa Thám, Phường 5, Quận Bình Thạnh, Tp Hồ Chí Minh","212,50 triệu/m²",4 phòng,4 phòng,,4,Đã có sổ,"Nhà ngõ, hẻm",Nội thất đầy đủ,5 m,,,
"15,50 tỷ","Đường A4, Phường 12, Quận Tân Bình, Tp Hồ Chí Minh","206,67 triệu/m²",4 phòng,3 phòng,,3,Đã có sổ,"Nhà mặt phố, mặt tiền",Nội thất đầy đủ,4 m,,,
"5,50 tỷ",Cập nhật 1 ngày trước,"94,83 triệu/m²",3 phòng,,,,Đã có sổ,"Nhà ngõ, hẻm",,,,,58 m²
"2,98 tỷ","Đường Tỉnh lộ 10, Phường Bình Trị Đông, Quận Bình Tân, Tp Hồ Chí Minh","74,50 triệu/m²",2 phòng,2 phòng,,2,Đã có sổ,"Nhà ngõ, hẻm",Nội thất đầy đủ,4 m,,,
"4,20 tỷ","Hẻm 75 Lý Thánh Tông, Phường Tân Thới Hòa, Quận Tân Phú, Tp Hồ Chí Minh","79,25 triệu/m²",2 phòng,2 phòng,Nam,2,Đã có sổ,"Nhà ngõ, hẻm",Hoàn thiện cơ bản,,,,
"5,50 tỷ","Nguyễn Duy Trinh, Phường Phú Hữu (Quận 9 cũ), Thành phố Thủ Đức, Tp Hồ Chí Minh","75,76 triệu/m²",2 phòng,,,,Đã có sổ,"Nhà ngõ, hẻm",,6 m,12.7 m,,72.6 m²
"5,70 tỷ","Đường Số 8, Phường An Lạc, Quận Bình Tân, Tp Hồ Chí Minh","113,32 triệu/m²",6 phòng,4 phòng,,4,Đã có sổ,"Nhà mặt phố, mặt tiền",,4 m,15 m,,
13 tỷ,"Đường Ba Đình, Phường 10, Quận 8, Tp Hồ Chí Minh","104,84 triệu/m²",4 phòng,5 phòng,,,Đã có sổ,"Nhà mặt phố, mặt tiền",,4 m,32 m,,124 m²
"2,40 tỷ",Cập nhật 1 ngày trước,75 triệu/m²,2 phòng,,,,Đã có sổ,"Nhà ngõ, hẻm",,,,,32 m²
"3,30 tỷ","Đường Yên Hòa, Phường Yên Nghĩa, Quận Hà Đông, Hà Nội","103,13 triệu/m²",4 phòng,3 phòng,Nam,4,Đã có sổ,"Nhà ngõ, hẻm",,3.2 m,,,
"2,69 tỷ","Đường Dương Quảng Hàm, Phường 5, Quận Gò Vấp, Tp Hồ Chí Minh","42,03 triệu/m²",4 phòng,3 phòng,,2,Đã có sổ,Nhà phố liền kề,Nội thất đầy đủ,4.5 m,,,
"1,73 tỷ",Cập nhật 1 ngày trước,"57,67 triệu/m²",2 phòng,2 phòng,,,Đã có sổ,"Nhà ngõ, hẻm",,,,,30 m²
"4,40 tỷ","Đường Tân Sơn Nhì, Phường Tân Sơn Nhì, Quận Tân Phú, Tp Hồ Chí Minh",88 triệu/m²,2 phòng,2 phòng,,2,Đã có sổ,"Nhà ngõ, hẻm",Nội thất đầy đủ,4 m,,,
"2,69 tỷ","Đường Dương Quảng Hàm, Phường 5, Quận Gò Vấp, Tp Hồ Chí Minh","42,03 triệu/m²",4 phòng,3 phòng,,2,Đã có sổ,Nhà phố liền kề,Nội thất đầy đủ,4.5 m,,,
"1,73 tỷ",Cập nhật 1 ngày trước,"57,67 triệu/m²",2 phòng,2 phòng,,,Đã có sổ,"Nhà ngõ, hẻm",,,,,30 m²
"4,40 tỷ","Đường Tân Sơn Nhì, Phường Tân Sơn Nhì, Quận Tân Phú, Tp Hồ Chí Minh",88 triệu/m²,2 phòng,2 phòng,,2,Đã có sổ,"Nhà ngõ, hẻm",Nội thất đầy đủ,4 m,,,
"2,65 tỷ","Phố Nguyễn Đức Cảnh, Phường Tương Mai, Quận Hoàng Mai, Hà Nội",106 triệu/m²,3 phòng,2 phòng,,4,Không có sổ,"Nhà ngõ, hẻm",Hoàn thiện cơ bản,3 m,,,
"6,50 tỷ","Đường Nguyễn Hới, Phường An Lạc, Quận Bình Tân, Tp Hồ Chí Minh","81,25 triệu/m²",3 phòng,2 phòng,,3,Đã có sổ,"Nhà ngõ, hẻm",,5 m,16 m,,
"7,95 tỷ","Số, Phường Bình Trưng Tây (Quận 2 cũ), Thành phố Thủ Đức, Tp Hồ Chí Minh","119,73 triệu/m²",4 phòng,4 phòng,,,Đã có sổ,"Nhà mặt phố, mặt tiền",,4.24 m,11.5 m,,66.4 m²
"8,30 tỷ","Đường 22 Tháng 12, Phường Thuận Giao, Thành phố Thuận An, Bình Dương","22,43 triệu/m²",nhiều hơn 10 phòng,Nhiều hơn 6 phòng,Đông Nam,1,Đã có sổ,"Nhà mặt phố, mặt tiền",Hoàn thiện cơ bản,,,,
18 tỷ,"Đường Chánh Hưng, Phường 4, Quận 8, Tp Hồ Chí Minh","236,84 triệu/m²",nhiều hơn 10 phòng,,,6,Đã có sổ,"Nhà ngõ, hẻm",,4 m,19 m,,
"4,80 tỷ","Hiệp Thành 39, Phường Hiệp Thành, Quận 12, Tp Hồ Chí Minh","44,86 triệu/m²",3 phòng,3 phòng,Đông,3,Đã có sổ,"Nhà ngõ, hẻm",Nội thất đầy đủ,,,,
"2,15 tỷ","Đường Vạn Kiếp, Phường 3, Quận Bình Thạnh, Tp Hồ Chí Minh","39,81 triệu/m²",3 phòng,,,,Đã có sổ,Nhà phố liền kề,,4 m,13 m,54 m²,54 m²
"6,28 tỷ","Đường Tạ Quang Bửu, Phường 2, Quận 8, Tp Hồ Chí Minh","125,60 triệu/m²",5 phòng,,,3,Đã có sổ,"Nhà ngõ, hẻm",,4 m,,,50 m²
7 tỷ,"Đường Lê Quang Định, Phường 11, Quận Bình Thạnh, Tp Hồ Chí Minh","89,74 triệu/m²",4 phòng,,,4,Đã có sổ,"Nhà ngõ, hẻm",,4 m,19 m,,
8 tỷ,"3, Khúc Thừa Dụ, Phường Dịch Vọng Hậu, Quận Cầu Giấy, Hà Nội","266,67 triệu/m²",4 phòng,3 phòng,,5,Đã có sổ,"Nhà ngõ, hẻm",,5 m,,200 m²,
"2,80 tỷ","Đường Nguyễn Phúc Nguyên, Phường 10, Quận 3, Tp Hồ Chí Minh","65,12 triệu/m²",3 phòng,,,,Đã có sổ,Nhà phố liền kề,,4 m,11 m,43 m²,43 m²
"2,75 tỷ","Đường tỉnh 743A, Phường Bình Chuẩn, Thành phố Thuận An, Bình Dương","24,69 triệu/m²",3 phòng,,,,Đã có sổ,"Nhà mặt phố, mặt tiền",,4 m,28 m,,111.4 m²
"15,20 tỷ","Phố Tôn Đức Thắng, Phường Hàng Bột, Quận Đống Đa, Hà Nội",380 triệu/m²,4 phòng,6 phòng,,8,Đã có sổ,"Nhà mặt phố, mặt tiền",Nội thất cao cấp,4 m,,,
"6,25 tỷ","Đường Thạch Thị Thanh, Phường Tân Định, Quận 1, Tp Hồ Chí Minh","97,66 triệu/m²",3 phòng,,,,Đã có sổ,Nhà phố liền kề,,4 m,16 m,64 m²,64 m²
"6,25 tỷ","Phố Trạm, Phường Long Biên, Quận Long Biên, Hà Nội","156,25 triệu/m²",4 phòng,4 phòng,,5,Đã có sổ,"Nhà ngõ, hẻm",,31 m,,40 m²,
"2,50 tỷ","Xóm Bố_Bầu Đồn, Xã Bàu Đồn, Huyện Gò Dầu, Tây Ninh","9,26 triệu/m²",2 phòng,2 phòng,,,Đã có sổ,"Nhà mặt phố, mặt tiền",Hoàn thiện cơ bản,10 m,27 m,,
"2,35 tỷ","Đường Hồ Văn Long, Phường Tân Tạo, Quận Bình Tân, Tp Hồ Chí Minh","58,75 triệu/m²",2 phòng,2 phòng,Tây,2,Đã có sổ,"Nhà ngõ, hẻm",Nội thất đầy đủ,,,,
"6,25 tỷ","Đường Thạch Thị Thanh, Phường Tân Định, Quận 1, Tp Hồ Chí Minh","97,66 triệu/m²",3 phòng,,,,Đã có sổ,Nhà phố liền kề,,4 m,16 m,64 m²,64 m²
"6,25 tỷ","Phố Trạm, Phường Long Biên, Quận Long Biên, Hà Nội","156,25 triệu/m²",4 phòng,4 phòng,,5,Đã có sổ,"Nhà ngõ, hẻm",,31 m,,40 m²,
"2,50 tỷ","Xóm Bố_Bầu Đồn, Xã Bàu Đồn, Huyện Gò Dầu, Tây Ninh","9,26 triệu/m²",2 phòng,2 phòng,,,Đã có sổ,"Nhà mặt phố, mặt tiền",Hoàn thiện cơ bản,10 m,27 m,,
"2,35 tỷ","Đường Hồ Văn Long, Phường Tân Tạo, Quận Bình Tân, Tp Hồ Chí Minh","58,75 triệu/m²",2 phòng,2 phòng,Tây,2,Đã có sổ,"Nhà ngõ, hẻm",Nội thất đầy đủ,,,,
"2,65 tỷ","Đường Diên Hồng, Phường 1, Quận Bình Thạnh, Tp Hồ Chí Minh","39,55 triệu/m²",4 phòng,,,,Đã có sổ,Nhà phố liền kề,,4 m,17 m,67 m²,67 m²
"5,25 tỷ","Đường Trần Quang Khải, Phường Tân Định, Quận 1, Tp Hồ Chí Minh","90,52 triệu/m²",3 phòng,,,,Đã có sổ,Nhà phố liền kề,,4 m,14 m,58 m²,58 m²
"2,54 tỷ","Đường Nhiêu Tứ, Phường 7, Quận Phú Nhuận, Tp Hồ Chí Minh","39,69 triệu/m²",4 phòng,,,,Đã có sổ,Nhà phố liền kề,,4 m,17 m,64 m²,64 m²
"2,25 tỷ","Đường Dương Quảng Hàm, Phường 5, Quận Gò Vấp, Tp Hồ Chí Minh","64,29 triệu/m²",2 phòng,3 phòng,,,Đã có sổ,"Nhà ngõ, hẻm",,5 m,7 m,70 m²,
30 tỷ,"Số, Phường Thạnh Mỹ Lợi (Quận 2 cũ), Thành phố Thủ Đức, Tp Hồ Chí Minh","163,04 triệu/m²",3 phòng,4 phòng,,,Đã có sổ,"Nhà mặt phố, mặt tiền",,8 m,23 m,,184 m²
"8,20 tỷ","Đường Vườn Lài, Phường Phú Thọ Hòa, Quận Tân Phú, Tp Hồ Chí Minh","102,50 triệu/m²",4 phòng,2 phòng,,2,Đã có sổ,"Nhà ngõ, hẻm",Nội thất đầy đủ,4 m,,,
"7,20 tỷ","Đường Võ Nguyên Giáp, Phường Hưng Thạnh, Quận Cái Răng, Cần Thơ",80 triệu/m²,5 phòng,5 phòng,,,Đã có sổ,Nhà phố liền kề,,5 m,18 m,360 m²,
"3,60 tỷ",Cập nhật 1 ngày trước,"56,25 triệu/m²",3 phòng,,,,Đã có sổ,"Nhà ngõ, hẻm",,,,130 m²,64 m²
"2,95 tỷ","Đường Phạm Văn Bạch, Phường 15, Quận Tân Bình, Tp Hồ Chí Minh",59 triệu/m²,2 phòng,2 phòng,,1,Đã có sổ,"Nhà ngõ, hẻm",Hoàn thiện cơ bản,5 m,,,
32 tỷ,"Bình Trưng Tây, Phường Bình Trưng Tây (Quận 2 cũ), Thành phố Thủ Đức, Tp Hồ Chí Minh","152,38 triệu/m²",5 phòng,,,,Đã có sổ,Nhà biệt thự,Nội thất cao cấp,10 m,21 m,210 m²,
"2,90 tỷ","Đường Nguyễn Văn Lượng, Phường 16, Quận Gò Vấp, Tp Hồ Chí Minh","65,91 triệu/m²",4 phòng,4 phòng,,,Đã có sổ,Nhà phố liền kề,Nội thất đầy đủ,4 m,11 m,,
"2,52 tỷ","Phượng nghĩa, Xã Phụng Châu, Huyện Chương Mỹ, Hà Nội","74,12 triệu/m²",4 phòng,3 phòng,Nam,4,Đã có sổ,"Nhà ngõ, hẻm",Hoàn thiện cơ bản,,,,
"2,47 tỷ","Đường Bình Long, Phường Bình Hưng Hoà A, Quận Bình Tân, Tp Hồ Chí Minh","117,62 triệu/m²",3 phòng,3 phòng,,2,Đã có sổ,"Nhà ngõ, hẻm",Hoàn thiện cơ bản,3 m,,,
"2,40 tỷ","Đường Tây Thạnh, Phường Tây Thạnh, Quận Tân Phú, Tp Hồ Chí Minh","104,35 triệu/m²",2 phòng,,,2,Đã có sổ,"Nhà ngõ, hẻm",,5 m,5.3 m,,23 m²
"5,90 tỷ","Đường Đỗ Văn Dậy, Xã Tân Hiệp, Huyện Hóc Môn, Tp Hồ Chí Minh","35,12 triệu/m²",5 phòng,,,,Đã có sổ,Nhà biệt thự,,9 m,18 m,,168 m²
7 tỷ,"11, Phường Trường Thọ (Quận Thủ Đức cũ), Thành phố Thủ Đức, Tp Hồ Chí Minh","77,78 triệu/m²",2 phòng,1 phòng,,1,Đã có sổ,"Nhà ngõ, hẻm",,4 m,23 m,,
"2,47 tỷ","Đường Bình Long, Phường Bình Hưng Hoà A, Quận Bình Tân, Tp Hồ Chí Minh","117,62 triệu/m²",3 phòng,3 phòng,,2,Đã có sổ,"Nhà ngõ, hẻm",Hoàn thiện cơ bản,3 m,,,
"2,40 tỷ","Đường Tây Thạnh, Phường Tây Thạnh, Quận Tân Phú, Tp Hồ Chí Minh","104,35 triệu/m²",2 phòng,,,2,Đã có sổ,"Nhà ngõ, hẻm",,5 m,5.3 m,,23 m²
"5,90 tỷ","Đường Đỗ Văn Dậy, Xã Tân Hiệp, Huyện Hóc Môn, Tp Hồ Chí Minh","35,12 triệu/m²",5 phòng,,,,Đã có sổ,Nhà biệt thự,,9 m,18 m,,168 m²
7 tỷ,"11, Phường Trường Thọ (Quận Thủ Đức cũ), Thành phố Thủ Đức, Tp Hồ Chí Minh","77,78 triệu/m²",2 phòng,1 phòng,,1,Đã có sổ,"Nhà ngõ, hẻm",,4 m,23 m,,
"2,25 tỷ",Cập nhật 1 ngày trước,"70,31 triệu/m²",2 phòng,2 phòng,,,Đã có sổ,"Nhà ngõ, hẻm",,,,,32 m²
"2,30 tỷ","Đường Nguyễn Văn Bứa, Xã Xuân Thới Sơn, Huyện Hóc Môn, Tp Hồ Chí Minh","51,11 triệu/m²",2 phòng,2 phòng,,1,Đã có sổ,"Nhà mặt phố, mặt tiền",Hoàn thiện cơ bản,4.5 m,,,
"8,90 tỷ",Cập nhật 1 ngày trước,"214,46 triệu/m²",4 phòng,4 phòng,Đông Nam,,Đang chờ sổ,"Nhà ngõ, hẻm",Nội thất cao cấp,,,,
"2,15 tỷ","Bình Chuẩn 17, Phường Bình Chuẩn, Thành phố Thuận An, Bình Dương","31,62 triệu/m²",3 phòng,2 phòng,Đông,,Đã có sổ,"Nhà ngõ, hẻm",Hoàn thiện cơ bản,5 m,,,
"7,70 tỷ","Đường Phú Thọ Hoà, Phường Phú Thọ Hòa, Quận Tân Phú, Tp Hồ Chí Minh","93,90 triệu/m²",3 phòng,3 phòng,,2,Đã có sổ,"Nhà ngõ, hẻm",Hoàn thiện cơ bản,6.5 m,,,
"1,30 tỷ",Cập nhật 1 ngày trước,26 triệu/m²,2 phòng,1 phòng,Đông Nam,,Đã có sổ,"Nhà mặt phố, mặt tiền",Nội thất đầy đủ,,,,
"8,60 tỷ","Đường Nơ Trang Long, Phường 13, Quận Bình Thạnh, Tp Hồ Chí Minh","143,33 triệu/m²",4 phòng,4 phòng,,4,Đã có sổ,"Nhà ngõ, hẻm",Nội thất cao cấp,415 m,,,
"1,40 tỷ","7/7/27, Đường số 17, Phường Long Thạnh Mỹ (Quận 9 cũ), Thành phố Thủ Đức, Tp Hồ Chí Minh","30,43 triệu/m²",3 phòng,1 phòng,Đông Bắc,1,Sổ chung / công chứng vi bằng,"Nhà ngõ, hẻm",,,,,
"7,65 tỷ",Cập nhật 1 ngày trước,"109,29 triệu/m²",3 phòng,,,,Đã có sổ,"Nhà ngõ, hẻm",,,,,70 m²
"2,70 tỷ","Phố Nam Ngãi Cầu, Xã An Khánh, Huyện Hoài Đức, Hà Nội","84,38 triệu/m²",3 phòng,3 phòng,Đông Bắc,4,Đã có sổ,"Nhà ngõ, hẻm",,3.2 m,,,
"5,95 tỷ",Lê Văn Lương,"29,75 triệu/m²",5 phòng,4 phòng,,4,Đã có sổ,"Nhà mặt phố, mặt tiền",Nội thất cao cấp,5 m,,,
1 tỷ,"., Thị trấn Lai Uyên, Huyện Bàu Bàng, Bình Dương",10 triệu/m²,2 phòng,2 phòng,,1,Đã có sổ,"Nhà mặt phố, mặt tiền",Nội thất đầy đủ,5 m,,,
"3,80 tỷ","Đường Phan Anh, Phường Bình Trị Đông, Quận Bình Tân, Tp Hồ Chí Minh","52,78 triệu/m²",6 phòng,2 phòng,Bắc,2,Đã có sổ,"Nhà ngõ, hẻm",Nội thất cao cấp,,,,
2 tỷ,"D6/7N, Đường Liên Ấp 2-3-4, Xã Vĩnh Lộc A, Huyện Bình Chánh, Tp Hồ Chí Minh","35,71 triệu/m²",4 phòng,3 phòng,,2,Sổ chung / công chứng vi bằng,"Nhà ngõ, hẻm",Hoàn thiện cơ bản,4 m,,,
"3,35 tỷ","Lê Văn Khương, Phường Hiệp Thành, Quận 12, Tp Hồ Chí Minh","58,46 triệu/m²",2 phòng,2 phòng,,,Đã có sổ,"Nhà ngõ, hẻm",Hoàn thiện cơ bản,4 m,14 m,,
"3,35 tỷ","Lê Văn Khương, Phường Hiệp Thành, Quận 12, Tp Hồ Chí Minh","58,46 triệu/m²",2 phòng,2 phòng,,,Đã có sổ,"Nhà ngõ, hẻm",Hoàn thiện cơ bản,4 m,14 m,,
32 tỷ,"Đường DC11, Phường Sơn Kỳ, Quận Tân Phú, Tp Hồ Chí Minh","170,67 triệu/m²",3 phòng,4 phòng,Đông Nam,3,Đã có sổ,"Nhà mặt phố, mặt tiền",,10 m,,,
"1,88 tỷ","Đường Liên khu 4-5, Phường Bình Hưng Hoà B, Quận Bình Tân, Tp Hồ Chí Minh","62,67 triệu/m²",4 phòng,3 phòng,,,Đã có sổ,"Nhà ngõ, hẻm",Nội thất đầy đủ,5 m,6 m,,
"7,50 tỷ",Cập nhật 1 ngày trước,"13,59 triệu/m²",3 phòng,,,,Đã có sổ,"Nhà mặt phố, mặt tiền",,,,,552 m²
"3,75 tỷ",Cập nhật 1 ngày trước,"58,59 triệu/m²",4 phòng,4 phòng,,2,Đã có sổ,"Nhà mặt phố, mặt tiền",Nội thất đầy đủ,,,,64 m²
5 tỷ,"Đường Nguyễn Văn Luông, Phường 12, Quận 6, Tp Hồ Chí Minh","92,59 triệu/m²",2 phòng,2 phòng,,2,Đã có sổ,"Nhà ngõ, hẻm",Nội thất đầy đủ,4 m,,,
"2,90 tỷ",Cập nhật 1 ngày trước,"35,37 triệu/m²",3 phòng,2 phòng,Tây Bắc,2,Đã có sổ,"Nhà ngõ, hẻm",,,,,82 m²
"1,40 tỷ","Đường Nguyễn Cửu Phú, Xã Tân Kiên, Huyện Bình Chánh, Tp Hồ Chí Minh","11,11 triệu/m²",3 phòng,3 phòng,,2,Đã có sổ,"Nhà mặt phố, mặt tiền",Nội thất cao cấp,6 m,,,
"4,19 tỷ",Cập nhật 1 ngày trước,"58,19 triệu/m²",4 phòng,,,,Đã có sổ,"Nhà ngõ, hẻm",,,,,72 m²
"3,69 tỷ","Đường Lê Hồng Phong, Phường Phú Hòa, Thành phố Thủ Dầu Một, Bình Dương","36,90 triệu/m²",2 phòng,2 phòng,Tây,3,Đã có sổ,"Nhà ngõ, hẻm",,5 m,,,
"8,20 tỷ",Cập nhật 3 phút trước,"126,15 triệu/m²",4 phòng,,,,Đã có sổ,"Nhà ngõ, hẻm",,,,,65 m²
"2,99 tỷ",Cập nhật 1 giờ trước,"62,29 triệu/m²",2 phòng,2 phòng,,,Đã có sổ,"Nhà ngõ, hẻm",,,,,48 m²
"6,99 tỷ",Cập nhật 4 phút trước,"77,67 triệu/m²",5 phòng,5 phòng,,4,Đã có sổ,"Nhà ngõ, hẻm",,,,,90 m²
"1,15 tỷ","Đặng Văn Bi, Phường Bình Thọ (Quận Thủ Đức cũ), Thành phố Thủ Đức, Tp Hồ Chí Minh","16,20 triệu/m²",3 phòng,2 phòng,,2,Đã có sổ,"Nhà mặt phố, mặt tiền",Nội thất đầy đủ,5 m,,,
"16,50 tỷ","Đường Số 25, Phường Hiệp Bình Chánh (Quận Thủ Đức cũ), Thành phố Thủ Đức, Tp Hồ Chí Minh","134,15 triệu/m²",3 phòng,3 phòng,,2,Đã có sổ,"Nhà mặt phố, mặt tiền",,7 m,17.5 m,,
"3,40 tỷ","Quốc Lộ 1A, Phường Bình Hưng Hoà B, Quận Bình Tân, Tp Hồ Chí Minh","43,04 triệu/m²",2 phòng,2 phòng,,2,Đã có sổ,"Nhà ngõ, hẻm",Hoàn thiện cơ bản,5.6 m,,,
"4,30 tỷ","Đường Trường Sa, Phường 2, Quận Phú Nhuận, Tp Hồ Chí Minh","143,33 triệu/m²",2 phòng,2 phòng,Đông Nam,3,Đã có sổ,"Nhà ngõ, hẻm",Hoàn thiện cơ bản,,,,
"3,80 tỷ","Đường Bình Đức, Phường 15, Quận 8, Tp Hồ Chí Minh","50,67 triệu/m²",2 phòng,2 phòng,,1,Đã có sổ,"Nhà ngõ, hẻm",,5 m,15 m,,
"4,75 tỷ","1/4, Đường Đoàn Giỏi, Phường Sơn Kỳ, Quận Tân Phú, Tp Hồ Chí Minh","76,61 triệu/m²",2 phòng,2 phòng,,,Đã có sổ,"Nhà ngõ, hẻm",,5 m,12.2 m,90 m²,
"9,80 tỷ","32A , TA13, Phường Thới An, Quận 12, Tp Hồ Chí Minh","150,77 triệu/m²",5 phòng,6 phòng,,4,Đã có sổ,"Nhà mặt phố, mặt tiền",Nội thất cao cấp,4 m,,,
"1,88 tỷ","Đường Liên khu 4-5, Phường Bình Hưng Hoà B, Quận Bình Tân, Tp Hồ Chí Minh","62,67 triệu/m²",4 phòng,3 phòng,,,Đã có sổ,"Nhà ngõ, hẻm",Nội thất đầy đủ,5 m,6 m,,
"7,50 tỷ",Cập nhật 1 ngày trước,"13,59 triệu/m²",3 phòng,,,,Đã có sổ,"Nhà mặt phố, mặt tiền",,,,,552 m²
"3,75 tỷ",Cập nhật 1 ngày trước,"58,59 triệu/m²",4 phòng,4 phòng,,2,Đã có sổ,"Nhà mặt phố, mặt tiền",Nội thất đầy đủ,,,,64 m²
5 tỷ,"Đường Nguyễn Văn Luông, Phường 12, Quận 6, Tp Hồ Chí Minh","92,59 triệu/m²",2 phòng,2 phòng,,2,Đã có sổ,"Nhà ngõ, hẻm",Nội thất đầy đủ,4 m,,,
"2,90 tỷ",Cập nhật 1 ngày trước,"35,37 triệu/m²",3 phòng,2 phòng,Tây Bắc,2,Đã có sổ,"Nhà ngõ, hẻm",,,,,82 m²
"1,40 tỷ","Đường Nguyễn Cửu Phú, Xã Tân Kiên, Huyện Bình Chánh, Tp Hồ Chí Minh","11,11 triệu/m²",3 phòng,3 phòng,,2,Đã có sổ,"Nhà mặt phố, mặt tiền",Nội thất cao cấp,6 m,,,
"4,19 tỷ",Cập nhật 1 ngày trước,"58,19 triệu/m²",4 phòng,,,,Đã có sổ,"Nhà ngõ, hẻm",,,,,72 m²
"3,69 tỷ","Đường Lê Hồng Phong, Phường Phú Hòa, Thành phố Thủ Dầu Một, Bình Dương","36,90 triệu/m²",2 phòng,2 phòng,Tây,3,Đã có sổ,"Nhà ngõ, hẻm",,5 m,,,
"8,20 tỷ",Cập nhật 11 phút trước,"126,15 triệu/m²",4 phòng,,,,Đã có sổ,"Nhà ngõ, hẻm",,,,,65 m²
"2,99 tỷ",Cập nhật 1 giờ trước,"62,29 triệu/m²",2 phòng,2 phòng,,,Đã có sổ,"Nhà ngõ, hẻm",,,,,48 m²
"6,99 tỷ",Cập nhật 12 phút trước,"77,67 triệu/m²",5 phòng,5 phòng,,4,Đã có sổ,"Nhà ngõ, hẻm",,,,,90 m²
"1,15 tỷ","Đặng Văn Bi, Phường Bình Thọ (Quận Thủ Đức cũ), Thành phố Thủ Đức, Tp Hồ Chí Minh","16,20 triệu/m²",3 phòng,2 phòng,,2,Đã có sổ,"Nhà mặt phố, mặt tiền",Nội thất đầy đủ,5 m,,,
"16,50 tỷ","Đường Số 25, Phường Hiệp Bình Chánh (Quận Thủ Đức cũ), Thành phố Thủ Đức, Tp Hồ Chí Minh","134,15 triệu/m²",3 phòng,3 phòng,,2,Đã có sổ,"Nhà mặt phố, mặt tiền",,7 m,17.5 m,,
"3,40 tỷ","Quốc Lộ 1A, Phường Bình Hưng Hoà B, Quận Bình Tân, Tp Hồ Chí Minh","43,04 triệu/m²",2 phòng,2 phòng,,2,Đã có sổ,"Nhà ngõ, hẻm",Hoàn thiện cơ bản,5.6 m,,,
"4,30 tỷ","Đường Trường Sa, Phường 2, Quận Phú Nhuận, Tp Hồ Chí Minh","143,33 triệu/m²",2 phòng,2 phòng,Đông Nam,3,Đã có sổ,"Nhà ngõ, hẻm",Hoàn thiện cơ bản,,,,
"3,80 tỷ","Đường Bình Đức, Phường 15, Quận 8, Tp Hồ Chí Minh","50,67 triệu/m²",2 phòng,2 phòng,,1,Đã có sổ,"Nhà ngõ, hẻm",,5 m,15 m,,
"4,75 tỷ","1/4, Đường Đoàn Giỏi, Phường Sơn Kỳ, Quận Tân Phú, Tp Hồ Chí Minh","76,61 triệu/m²",2 phòng,2 phòng,,,Đã có sổ,"Nhà ngõ, hẻm",,5 m,12.2 m,90 m²,
"9,80 tỷ","32A , TA13, Phường Thới An, Quận 12, Tp Hồ Chí Minh","150,77 triệu/m²",5 phòng,6 phòng,,4,Đã có sổ,"Nhà mặt phố, mặt tiền",Nội thất cao cấp,4 m,,,
850 triệu,"Hoàng Phan Thái, Xã Bình Chánh, Huyện Bình Chánh, Tp Hồ Chí Minh","9,44 triệu/m²",3 phòng,2 phòng,Đông,2,Đã có sổ,"Nhà ngõ, hẻm",Nội thất cao cấp,,,,
970 triệu,"Đường Lưu Hữu Phước, Phường 15, Quận 8, Tp Hồ Chí Minh","64,67 triệu/m²",2 phòng,1 phòng,,2,Đã có sổ,"Nhà ngõ, hẻm",,2.6 m,6.2 m,,
970 triệu,"Đường Lưu Hữu Phước, Phường 15, Quận 8, Tp Hồ Chí Minh","64,67 triệu/m²",2 phòng,1 phòng,,2,Đã có sổ,"Nhà ngõ, hẻm",,2.6 m,6.2 m,,
"8,69 tỷ","Đường Tân Thới Hiệp 09, Phường Tân Thới Hiệp, Quận 12, Tp Hồ Chí Minh","59,93 triệu/m²",5 phòng,,,,Đã có sổ,Nhà biệt thự,Nội thất cao cấp,6 m,25 m,340 m²,
890 triệu,"Đường Đinh Đức Thiện, Xã Bình Chánh, Huyện Bình Chánh, Tp Hồ Chí Minh","11,13 triệu/m²",3 phòng,2 phòng,,,Đã có sổ,"Nhà mặt phố, mặt tiền",,5 m,16 m,,80 m²
"3,30 tỷ","Đường Hòa Bình, Phường Yên Nghĩa, Quận Hà Đông, Hà Nội","91,67 triệu/m²",4 phòng,3 phòng,Đông Nam,4,Đã có sổ,"Nhà ngõ, hẻm",,6 m,,,
"5,70 tỷ",Cập nhật 1 ngày trước,"154,05 triệu/m²",3 phòng,,,5,Đã có sổ,"Nhà ngõ, hẻm",,,,,37 m²
"4,20 tỷ","Đường Gò Dầu, Phường Tân Quý, Quận Tân Phú, Tp Hồ Chí Minh","72,41 triệu/m²",2 phòng,2 phòng,,2,Đã có sổ,"Nhà ngõ, hẻm",Nội thất đầy đủ,4 m,,,
"5,33 tỷ","Đường Trần Khát Chân, Phường Thanh Nhàn, Quận Hai Bà Trưng, Hà Nội","133,25 triệu/m²",3 phòng,3 phòng,Đông,3,Đã có sổ,"Nhà ngõ, hẻm",Nội thất đầy đủ,,,,
"5,70 tỷ",Cập nhật 1 ngày trước,"111,76 triệu/m²",4 phòng,,,,Đã có sổ,Nhà phố liền kề,,,,,51 m²
"4,60 tỷ",Cập nhật 1 ngày trước,"58,97 triệu/m²",4 phòng,,,,Đã có sổ,"Nhà ngõ, hẻm",,,,,78 m²
680 triệu,"Đường Đinh Đức Thiện, Xã Bình Chánh, Huyện Bình Chánh, Tp Hồ Chí Minh","6,80 triệu/m²",3 phòng,2 phòng,Đông Nam,1,Đã có sổ,"Nhà mặt phố, mặt tiền",Hoàn thiện cơ bản,,,,
"2,19 tỷ","Hẻm 124 Đường Bùi Trọng Nghĩa, Phường Trảng Dài, Thành phố Biên Hòa, Đồng Nai","24,33 triệu/m²",3 phòng,2 phòng,Bắc,2,Sổ chung / công chứng vi bằng,"Nhà ngõ, hẻm",,5 m,,,
590 triệu,Cập nhật 1 ngày trước,59 triệu/m²,2 phòng,,,,Đã có sổ,"Nhà ngõ, hẻm",,,,,10 m²
"4,15 tỷ","2889/49/1, Đường Phạm Thế Hiển, Phường 7, Quận 8, Tp Hồ Chí Minh","76,85 triệu/m²",6 phòng,5 phòng,Đông Nam,3,Đã có sổ,"Nhà ngõ, hẻm",,6 m,,,
"6,90 tỷ","Đường Ngọc Hân, Phường An Hải Tây, Quận Sơn Trà, Đà Nẵng","88,69 triệu/m²",4 phòng,3 phòng,Đông Nam,2,Đã có sổ,Nhà phố liền kề,Hoàn thiện cơ bản,,,,
"16,50 tỷ","Đại Phước, Xã Đại Phước, Huyện Nhơn Trạch, Đồng Nai","51,56 triệu/m²",3 phòng,,,,Đang chờ sổ,Nhà biệt thự,,16 m,20 m,281 m²,
"5,95 tỷ","958//, Đường Lạc Long Quân, Phường 8, Quận Tân Bình, Tp Hồ Chí Minh","91,54 triệu/m²",2 phòng,2 phòng,Bắc,2,Đã có sổ,"Nhà ngõ, hẻm",,5.2 m,,,
"1,69 tỷ",Cập nhật 1 ngày trước,"60,36 triệu/m²",4 phòng,,,,Sổ chung / công chứng vi bằng,"Nhà ngõ, hẻm",,,,,28 m²
"6,45 tỷ","Đường Tân Hương, Phường Tân Quý, Quận Tân Phú, Tp Hồ Chí Minh","71,67 triệu/m²",3 phòng,2 phòng,,2,Đã có sổ,"Nhà ngõ, hẻm",Nội thất đầy đủ,4.5 m,,,
"5,70 tỷ","173/, Đường Bờ Bao Tân Thắng, Phường Sơn Kỳ, Quận Tân Phú, Tp Hồ Chí Minh",95 triệu/m²,1 phòng,,Tây Bắc,,Đã có sổ,"Nhà ngõ, hẻm",Hoàn thiện cơ bản,4.2 m,14.5 m,,
910 triệu,Cập nhật 1 ngày trước,13 triệu/m²,3 phòng,,,,Đã có sổ,"Nhà mặt phố, mặt tiền",,,,,70 m²
"5,70 tỷ","173/, Đường Bờ Bao Tân Thắng, Phường Sơn Kỳ, Quận Tân Phú, Tp Hồ Chí Minh",95 triệu/m²,1 phòng,,Tây Bắc,,Đã có sổ,"Nhà ngõ, hẻm",Hoàn thiện cơ bản,4.2 m,14.5 m,,
910 triệu,Cập nhật 1 ngày trước,13 triệu/m²,3 phòng,,,,Đã có sổ,"Nhà mặt phố, mặt tiền",,,,,70 m²
950 triệu,Cập nhật 1 ngày trước,95 triệu/m²,2 phòng,2 phòng,,,Đã có sổ,"Nhà ngõ, hẻm",,,,,10 m²
10 tỷ,"25B, Thị trấn Hiệp Phước, Huyện Nhơn Trạch, Đồng Nai","33,33 triệu/m²",3 phòng,,,,Đang chờ sổ,Nhà biệt thự,Bàn giao thô,15 m,20 m,,
"2,99 tỷ","Đường Nguyễn Văn Tiên, Phường Tân Phong, Thành phố Biên Hòa, Đồng Nai","32,15 triệu/m²",3 phòng,2 phòng,,,Đã có sổ,"Nhà ngõ, hẻm",,5 m,19 m,,
"1,65 tỷ",Cập nhật 1 ngày trước,"25,38 triệu/m²",3 phòng,,,,Sổ chung / công chứng vi bằng,"Nhà ngõ, hẻm",,,,,65 m²
"6,90 tỷ","Đường Đông Hồ, Phường 8, Quận Tân Bình, Tp Hồ Chí Minh","143,75 triệu/m²",4 phòng,4 phòng,,4,Đã có sổ,"Nhà ngõ, hẻm",Nội thất đầy đủ,4.1 m,,,
"5,20 tỷ",Cập nhật 32 phút trước,"136,84 triệu/m²",3 phòng,4 phòng,,5,Đã có sổ,"Nhà mặt phố, mặt tiền",,,,,38 m²
"6,10 tỷ",Cập nhật 1 ngày trước,"103,39 triệu/m²",3 phòng,,,,Đã có sổ,"Nhà ngõ, hẻm",Nội thất cao cấp,,,,59 m²
450 triệu,"An Hạ, Xã Phạm Văn Hai, Huyện Bình Chánh, Tp Hồ Chí Minh","5,63 triệu/m²",2 phòng,2 phòng,,1,Đã có sổ,"Nhà ngõ, hẻm",Nội thất đầy đủ,4 m,,,
"1,60 tỷ",Cập nhật 1 giờ trước,"36,36 triệu/m²",2 phòng,,,,Sổ chung / công chứng vi bằng,"Nhà ngõ, hẻm",,,,,44 m²
830 triệu,Cập nhật 5 giờ trước,"8,89 triệu/m²",2 phòng,2 phòng,,,Đã có sổ,"Nhà mặt phố, mặt tiền",,,,,93.4 m²
490 triệu,"Đường Quốc lộ 50, Xã Bình Hưng, Huyện Bình Chánh, Tp Hồ Chí Minh","34,75 triệu/m²",1 phòng,1 phòng,,1,Không có sổ,"Nhà ngõ, hẻm",,3.5 m,4 m,,
"2,75 tỷ","Đường Nguyễn Văn Đậu, Phường 11, Quận Bình Thạnh, Tp Hồ Chí Minh","49,82 triệu/m²",3 phòng,4 phòng,,3,Đã có sổ,Nhà phố liền kề,Nội thất đầy đủ,5 m,,,
"8,80 tỷ","Đường Trần Xuân Soạn, Phường Tân Kiểng, Quận 7, Tp Hồ Chí Minh","76,19 triệu/m²",6 phòng,6 phòng,,1,Đã có sổ,"Nhà ngõ, hẻm",Nội thất đầy đủ,5 m,,,
"1,25 tỷ",Cập nhật 1 ngày trước,125 triệu/m²,2 phòng,2 phòng,,,Đã có sổ,"Nhà ngõ, hẻm",,,,,10 m²
"26,90 tỷ","Đại lộ Bình Dương, Phường Bình Hòa, Thành phố Thuận An, Bình Dương","39,44 triệu/m²",1 phòng,1 phòng,Đông Nam,,Đã có sổ,"Nhà mặt phố, mặt tiền",Hoàn thiện cơ bản,15 m,,,
"5,80 tỷ","Đường Quyết Thắng, Phường Yên Nghĩa, Quận Hà Đông, Hà Nội","165,71 triệu/m²",3 phòng,3 phòng,Tây,5,Đã có sổ,"Nhà mặt phố, mặt tiền",Nội thất đầy đủ,,,,
"5,20 tỷ","Đường Tân Hòa Đông, Phường 14, Quận 6, Tp Hồ Chí Minh","86,67 triệu/m²",2 phòng,2 phòng,,,Đã có sổ,"Nhà ngõ, hẻm",,5 m,12 m,,60 m²
"15,20 tỷ","Đường Bùi Đình Tuý, Phường 12, Quận Bình Thạnh, Tp Hồ Chí Minh","158,66 triệu/m²",6 phòng,6 phòng,,,Đã có sổ,"Nhà ngõ, hẻm",,4 m,23 m,,
"5,80 tỷ","Đường Quyết Thắng, Phường Yên Nghĩa, Quận Hà Đông, Hà Nội","165,71 triệu/m²",3 phòng,3 phòng,Tây,5,Đã có sổ,"Nhà mặt phố, mặt tiền",Nội thất đầy đủ,,,,
"5,20 tỷ","Đường Tân Hòa Đông, Phường 14, Quận 6, Tp Hồ Chí Minh","86,67 triệu/m²",2 phòng,2 phòng,,,Đã có sổ,"Nhà ngõ, hẻm",,5 m,12 m,,60 m²
"15,20 tỷ","Đường Bùi Đình Tuý, Phường 12, Quận Bình Thạnh, Tp Hồ Chí Minh","158,66 triệu/m²",6 phòng,6 phòng,,,Đã có sổ,"Nhà ngõ, hẻm",,4 m,23 m,,
"1,86 tỷ","Đường Đoàn Văn Bơ, Phường 13, Quận 4, Tp Hồ Chí Minh",186 triệu/m²,3 phòng,3 phòng,,2,Đã có sổ,"Nhà ngõ, hẻm",Nội thất đầy đủ,5 m,,,
"1,80 tỷ",Cập nhật 17 phút trước,150 triệu/m²,3 phòng,3 phòng,Đông Bắc,5,Sổ chung / công chứng vi bằng,"Nhà ngõ, hẻm",Nội thất đầy đủ,,,,
"13,90 tỷ","Đường số 2, Phường Hưng Thạnh, Quận Cái Răng, Cần Thơ","66,19 triệu/m²",6 phòng,3 phòng,Đông Bắc,1,Đã có sổ,Nhà biệt thự,Nội thất cao cấp,,,,
"6,50 tỷ","Đường Nguyễn Ảnh Thủ, Phường Tân Chánh Hiệp, Quận 12, Tp Hồ Chí Minh","81,25 triệu/m²",5 phòng,5 phòng,Đông,4,Đã có sổ,"Nhà ngõ, hẻm",,4 m,,,
930 triệu,"Đường Trịnh Như Khuê, Xã Bình Chánh, Huyện Bình Chánh, Tp Hồ Chí Minh","9,79 triệu/m²",3 phòng,3 phòng,,3,Đã có sổ,"Nhà mặt phố, mặt tiền",Nội thất cao cấp,5 m,,,
12 tỷ,"87/59/12, Đường Lê Văn Duyệt, Phường 3, Quận Bình Thạnh, Tp Hồ Chí Minh","133,63 triệu/m²",3 phòng,1 phòng,,1,Đã có sổ,"Nhà ngõ, hẻm",Nội thất đầy đủ,6.3 m,,,
"8,30 tỷ","Đường Tân Hòa Đông, Phường Bình Trị Đông, Quận Bình Tân, Tp Hồ Chí Minh","115,28 triệu/m²",4 phòng,5 phòng,Đông Bắc,3,Đã có sổ,"Nhà mặt phố, mặt tiền",Nội thất đầy đủ,,,,
"5,60 tỷ","Đường số 3, Phường Hiệp Bình Phước (Quận Thủ Đức cũ), Thành phố Thủ Đức, Tp Hồ Chí Minh","105,66 triệu/m²",3 phòng,2 phòng,Đông Bắc,3,Đã có sổ,"Nhà ngõ, hẻm",Nội thất đầy đủ,,,,
"1,37 tỷ",Cập nhật 8 giờ trước,"54,80 triệu/m²",3 phòng,,,,Đã có sổ,"Nhà ngõ, hẻm",,,,,25 m²
"7,40 tỷ","Đường Lũy Bán Bích, Phường Tân Thành, Quận Tân Phú, Tp Hồ Chí Minh","123,33 triệu/m²",2 phòng,,,,Đã có sổ,"Nhà ngõ, hẻm",Hoàn thiện cơ bản,4 m,15 m,,
"3,32 tỷ","Đường Số 6, Phường 26, Quận Bình Thạnh, Tp Hồ Chí Minh",79 triệu/m²,3 phòng,3 phòng,,3,Đã có sổ,"Nhà ngõ, hẻm",Hoàn thiện cơ bản,3.6 m,,,
16 tỷ,Cập nhật 1 ngày trước,"123,08 triệu/m²",5 phòng,,,,Đã có sổ,"Nhà mặt phố, mặt tiền",,,,,130 m²
"12,70 tỷ","Đường Lý Thái Tổ, Phường Hưng Phú, Quận Cái Răng, Cần Thơ","141,11 triệu/m²",4 phòng,,,,Đã có sổ,"Nhà mặt phố, mặt tiền",,5 m,18 m,292.5 m²,90 m²
800 triệu,"Đường Đinh Đức Thiện, Xã Bình Chánh, Huyện Bình Chánh, Tp Hồ Chí Minh",8 triệu/m²,2 phòng,2 phòng,Đông Nam,1,Đã có sổ,"Nhà mặt phố, mặt tiền",Nội thất đầy đủ,,,,
"9,60 tỷ","Đường Song Hành Quốc Lộ 22, Phường Tân Hưng Thuận, Quận 12, Tp Hồ Chí Minh","51,89 triệu/m²",6 phòng,Nhiều hơn 6 phòng,Nam,1,Đã có sổ,"Nhà ngõ, hẻm",Nội thất đầy đủ,,,,
"9,90 tỷ","Đường Lê Thị Hoa, Phường Bình Chiểu (Quận Thủ Đức cũ), Thành phố Thủ Đức, Tp Hồ Chí Minh","82,50 triệu/m²",4 phòng,2 phòng,Đông Bắc,2,Đã có sổ,"Nhà mặt phố, mặt tiền",Nội thất đầy đủ,,,,
16 tỷ,Cập nhật 1 ngày trước,"123,08 triệu/m²",5 phòng,,,,Đã có sổ,"Nhà mặt phố, mặt tiền",,,,,130 m²
"12,70 tỷ","Đường Lý Thái Tổ, Phường Hưng Phú, Quận Cái Răng, Cần Thơ","141,11 triệu/m²",4 phòng,,,,Đã có sổ,"Nhà mặt phố, mặt tiền",,5 m,18 m,292.5 m²,90 m²
800 triệu,"Đường Đinh Đức Thiện, Xã Bình Chánh, Huyện Bình Chánh, Tp Hồ Chí Minh",8 triệu/m²,2 phòng,2 phòng,Đông Nam,1,Đã có sổ,"Nhà mặt phố, mặt tiền",Nội thất đầy đủ,,,,
"9,60 tỷ","Đường Song Hành Quốc Lộ 22, Phường Tân Hưng Thuận, Quận 12, Tp Hồ Chí Minh","51,89 triệu/m²",6 phòng,Nhiều hơn 6 phòng,Nam,1,Đã có sổ,"Nhà ngõ, hẻm",Nội thất đầy đủ,,,,
"9,90 tỷ","Đường Lê Thị Hoa, Phường Bình Chiểu (Quận Thủ Đức cũ), Thành phố Thủ Đức, Tp Hồ Chí Minh","82,50 triệu/m²",4 phòng,2 phòng,Đông Bắc,2,Đã có sổ,"Nhà mặt phố, mặt tiền",Nội thất đầy đủ,,,,
690 triệu,"Đường Trường Chinh, Phường Tân Thới Nhất, Quận 12, Tp Hồ Chí Minh",69 triệu/m²,4 phòng,4 phòng,,2,Đã có sổ,"Nhà ngõ, hẻm",Nội thất cao cấp,2 m,,,
"7,75 tỷ",Đường An Dương Vương,"58,05 triệu/m²",1 phòng,1 phòng,,1,Đã có sổ,"Nhà mặt phố, mặt tiền",Nội thất đầy đủ,10 m,,,
"5,75 tỷ","Đường số 8, Phường Linh Xuân (Quận Thủ Đức cũ), Thành phố Thủ Đức, Tp Hồ Chí Minh","87,12 triệu/m²",4 phòng,5 phòng,,4,Đã có sổ,"Nhà ngõ, hẻm",Nội thất cao cấp,6 m,,,
"6,50 tỷ","Quốc Lộ 13, Phường Hiệp Bình Phước (Quận Thủ Đức cũ), Thành phố Thủ Đức, Tp Hồ Chí Minh","83,33 triệu/m²",4 phòng,4 phòng,,3,Đã có sổ,Nhà phố liền kề,Nội thất đầy đủ,4 m,,,
"4,30 tỷ","Đường Phan Tây Hồ, Phường 7, Quận Phú Nhuận, Tp Hồ Chí Minh","119,44 triệu/m²",5 phòng,4 phòng,,4,Đã có sổ,"Nhà ngõ, hẻm",Bàn giao thô,3.5 m,,,
"9,95 tỷ",Cập nhật 1 ngày trước,"71,12 triệu/m²",nhiều hơn 10 phòng,,,,Đã có sổ,"Nhà ngõ, hẻm",,,,,139.9 m²
"2,60 tỷ","Phượng đồng, Xã Phụng Châu, Huyện Chương Mỹ, Hà Nội","81,25 triệu/m²",3 phòng,3 phòng,Tây,5,Đã có sổ,"Nhà ngõ, hẻm",Nội thất cao cấp,,,,
"5,25 tỷ","Liên Khu 2-5, Phường Hiệp Thành, Quận 12, Tp Hồ Chí Minh","82,03 triệu/m²",2 phòng,,,,Đã có sổ,"Nhà mặt phố, mặt tiền",,4.3 m,15 m,,64 m²
490 triệu,"Đường Quốc Lộ 50, Phường 5, Quận 8, Tp Hồ Chí Minh",35 triệu/m²,1 phòng,1 phòng,,1,Không có sổ,"Nhà ngõ, hẻm",,3.5 m,4 m,,
"2,55 tỷ",Cập nhật 1 ngày trước,102 triệu/m²,2 phòng,2 phòng,,,Đã có sổ,"Nhà ngõ, hẻm",,,,,25 m²
7 tỷ,"Đường Tống Duy Tân, Phường Hòa Minh, Quận Liên Chiểu, Đà Nẵng","67,31 triệu/m²",4 phòng,4 phòng,,2,Đã có sổ,"Nhà mặt phố, mặt tiền",Nội thất đầy đủ,8 m,,,
"5,29 tỷ","Đường Nguyễn Sơn, Phường Phú Thọ Hòa, Quận Tân Phú, Tp Hồ Chí Minh","110,21 triệu/m²",3 phòng,2 phòng,,3,Đã có sổ,"Nhà ngõ, hẻm",,4 m,12 m,,
"4,80 tỷ","Đường Lương Thế Vinh, Phường Tân Thới Hòa, Quận Tân Phú, Tp Hồ Chí Minh","85,71 triệu/m²",2 phòng,,,,Đã có sổ,"Nhà ngõ, hẻm",,4 m,14 m,,56 m²
"4,30 tỷ","Đường Trường Sa, Phường 2, Quận Phú Nhuận, Tp Hồ Chí Minh","143,33 triệu/m²",2 phòng,2 phòng,Đông Nam,3,Đã có sổ,"Nhà ngõ, hẻm",Bàn giao thô,,,,
"7,30 tỷ","Đường Nguyễn Đình Chính, Phường 8, Quận Phú Nhuận, Tp Hồ Chí Minh","125,86 triệu/m²",5 phòng,4 phòng,,5,Đã có sổ,"Nhà ngõ, hẻm",Nội thất đầy đủ,4.2 m,,,
690 triệu,"Đường Trường Chinh, Phường Tân Thới Nhất, Quận 12, Tp Hồ Chí Minh",69 triệu/m²,4 phòng,4 phòng,,2,Đã có sổ,"Nhà ngõ, hẻm",Nội thất cao cấp,2 m,,,
"7,75 tỷ",Đường An Dương Vương,"58,05 triệu/m²",1 phòng,1 phòng,,1,Đã có sổ,"Nhà mặt phố, mặt tiền",Nội thất đầy đủ,10 m,,,
"5,75 tỷ","Đường số 8, Phường Linh Xuân (Quận Thủ Đức cũ), Thành phố Thủ Đức, Tp Hồ Chí Minh","87,12 triệu/m²",4 phòng,5 phòng,,4,Đã có sổ,"Nhà ngõ, hẻm",Nội thất cao cấp,6 m,,,
"6,50 tỷ","Quốc Lộ 13, Phường Hiệp Bình Phước (Quận Thủ Đức cũ), Thành phố Thủ Đức, Tp Hồ Chí Minh","83,33 triệu/m²",4 phòng,4 phòng,,3,Đã có sổ,Nhà phố liền kề,Nội thất đầy đủ,4 m,,,
"4,30 tỷ","Đường Phan Tây Hồ, Phường 7, Quận Phú Nhuận, Tp Hồ Chí Minh","119,44 triệu/m²",5 phòng,4 phòng,,4,Đã có sổ,"Nhà ngõ, hẻm",Bàn giao thô,3.5 m,,,
"9,95 tỷ",Cập nhật 1 ngày trước,"71,12 triệu/m²",nhiều hơn 10 phòng,,,,Đã có sổ,"Nhà ngõ, hẻm",,,,,139.9 m²
"2,60 tỷ","Phượng đồng, Xã Phụng Châu, Huyện Chương Mỹ, Hà Nội","81,25 triệu/m²",3 phòng,3 phòng,Tây,5,Đã có sổ,"Nhà ngõ, hẻm",Nội thất cao cấp,,,,
"5,25 tỷ","Liên Khu 2-5, Phường Hiệp Thành, Quận 12, Tp Hồ Chí Minh","82,03 triệu/m²",2 phòng,,,,Đã có sổ,"Nhà mặt phố, mặt tiền",,4.3 m,15 m,,64 m²
490 triệu,"Đường Quốc Lộ 50, Phường 5, Quận 8, Tp Hồ Chí Minh",35 triệu/m²,1 phòng,1 phòng,,1,Không có sổ,"Nhà ngõ, hẻm",,3.5 m,4 m,,
"2,55 tỷ",Cập nhật 1 ngày trước,102 triệu/m²,2 phòng,2 phòng,,,Đã có sổ,"Nhà ngõ, hẻm",,,,,25 m²
7 tỷ,"Đường Tống Duy Tân, Phường Hòa Minh, Quận Liên Chiểu, Đà Nẵng","67,31 triệu/m²",4 phòng,4 phòng,,2,Đã có sổ,"Nhà mặt phố, mặt tiền",Nội thất đầy đủ,8 m,,,
"5,29 tỷ","Đường Nguyễn Sơn, Phường Phú Thọ Hòa, Quận Tân Phú, Tp Hồ Chí Minh","110,21 triệu/m²",3 phòng,2 phòng,,3,Đã có sổ,"Nhà ngõ, hẻm",,4 m,12 m,,
"4,80 tỷ","Đường Lương Thế Vinh, Phường Tân Thới Hòa, Quận Tân Phú, Tp Hồ Chí Minh","85,71 triệu/m²",2 phòng,,,,Đã có sổ,"Nhà ngõ, hẻm",,4 m,14 m,,56 m²
"4,30 tỷ","Đường Trường Sa, Phường 2, Quận Phú Nhuận, Tp Hồ Chí Minh","143,33 triệu/m²",2 phòng,2 phòng,Đông Nam,3,Đã có sổ,"Nhà ngõ, hẻm",Bàn giao thô,,,,
"7,30 tỷ","Đường Nguyễn Đình Chính, Phường 8, Quận Phú Nhuận, Tp Hồ Chí Minh","125,86 triệu/m²",5 phòng,4 phòng,,5,Đã có sổ,"Nhà ngõ, hẻm",Nội thất đầy đủ,4.2 m,,,
"5,90 tỷ","Đường An Dương Vương, Phường An Lạc, Quận Bình Tân, Tp Hồ Chí Minh","93,65 triệu/m²",4 phòng,4 phòng,,4,Đã có sổ,"Nhà mặt phố, mặt tiền",,4 m,16 m,,
"1,45 tỷ","118/22/23D, Hẻm 118 Huỳnh Thiện Lộc, Phường Hòa Thạnh, Quận Tân Phú, Tp Hồ Chí Minh","103,57 triệu/m²",1 phòng,1 phòng,,,Đã có sổ,"Nhà ngõ, hẻm",Hoàn thiện cơ bản,3.3 m,4.3 m,,
"11,50 tỷ","Đường Phan Huy Ích, Phường 12, Quận Gò Vấp, Tp Hồ Chí Minh","76,67 triệu/m²",nhiều hơn 10 phòng,Nhiều hơn 6 phòng,,5,Đã có sổ,"Nhà ngõ, hẻm",,6 m,25 m,,
"3,30 tỷ","Đường Nguyễn Thị Minh Khai, Phường Tân Đông Hiệp, Thành phố Dĩ An, Bình Dương","41,77 triệu/m²",3 phòng,2 phòng,Tây Bắc,2,Đã có sổ,"Nhà ngõ, hẻm",Nội thất đầy đủ,,,,
"2,39 tỷ","Đường Cách Mạng Tháng 8, Phường An Thới, Quận Bình Thuỷ, Cần Thơ","53,35 triệu/m²",2 phòng,2 phòng,Tây,1,Đã có sổ,Nhà phố liền kề,Nội thất đầy đủ,,,,
"5,20 tỷ","Đường Quốc lộ 1, Phường Tân Thới Hiệp, Quận 12, Tp Hồ Chí Minh","47,27 triệu/m²",5 phòng,5 phòng,,3,Đã có sổ,"Nhà ngõ, hẻm",,5 m,22 m,,
"2,75 tỷ","Đường Tạ Quang Bửu, Phường 4, Quận 8, Tp Hồ Chí Minh","105,77 triệu/m²",2 phòng,2 phòng,,2,Đã có sổ,"Nhà ngõ, hẻm",Nội thất đầy đủ,3.3 m,,,
1 tỷ,"., Xã An Tây, Thị xã Bến Cát, Bình Dương",10 triệu/m²,3 phòng,3 phòng,,1,Đã có sổ,"Nhà mặt phố, mặt tiền",Nội thất đầy đủ,5 m,,,
"6,50 tỷ","5, Trần Cung, Phường Cổ Nhuế 1, Quận Bắc Từ Liêm, Hà Nội","171,05 triệu/m²",6 phòng,5 phòng,,5,Đã có sổ,"Nhà ngõ, hẻm",,4.3 m,,200 m²,
"11,90 tỷ","Đường Lê Quang Định, Phường 11, Quận Bình Thạnh, Tp Hồ Chí Minh","148,75 triệu/m²",4 phòng,4 phòng,,,Đã có sổ,"Nhà ngõ, hẻm",,5.7 m,14 m,80 m²,
750 triệu,"Đường Đinh Đức Thiện, Xã Phước Lý, Huyện Cần Giuộc, Long An","6,25 triệu/m²",3 phòng,2 phòng,,1,Đã có sổ,"Nhà mặt phố, mặt tiền",,6 m,20 m,,
"1,30 tỷ","Hẻm 48 Đường 165, Xã Bình Mỹ, Huyện Củ Chi, Tp Hồ Chí Minh","24,44 triệu/m²",2 phòng,2 phòng,,,3,"Nhà ngõ, hẻm",,3.8 m,14 m,,
"5,60 tỷ","Đường Tên Lửa, Phường An Lạc A, Quận Bình Tân, Tp Hồ Chí Minh","93,33 triệu/m²",2 phòng,,,,Đã có sổ,"Nhà mặt phố, mặt tiền",,4 m,15 m,,60 m²
"5,50 tỷ","111, Đường Tân Hóa, Phường 14, Quận 6, Tp Hồ Chí Minh","137,50 triệu/m²",3 phòng,1 phòng,Đông Bắc,1,Đã có sổ,"Nhà mặt phố, mặt tiền",Hoàn thiện cơ bản,,,,
"4,90 tỷ","Đường Lê Hồng Phong, Phường 3, Quận 5, Tp Hồ Chí Minh","125,64 triệu/m²",2 phòng,2 phòng,Tây Bắc,2,Đã có sổ,"Nhà ngõ, hẻm",,4 m,,,
"19,88 tỷ",Cập nhật 1 giờ trước,"225,91 triệu/m²",6 phòng,6 phòng,Nam,7,Đã có sổ,"Nhà mặt phố, mặt tiền",Hoàn thiện cơ bản,,,,
900 triệu,"Khu Phố Tân Phú 2 , Phường Tân Bình, Thành phố Dĩ An, Bình Dương",15 triệu/m²,3 phòng,2 phòng,,1,Đã có sổ,"Nhà mặt phố, mặt tiền",Nội thất cao cấp,5 m,,,
"1,99 tỷ","Đường Lê Đại Hành, Phường 7, Quận 11, Tp Hồ Chí Minh",199 triệu/m²,2 phòng,2 phòng,,1,Đã có sổ,"Nhà ngõ, hẻm",Nội thất đầy đủ,4.5 m,,,
9 tỷ,"Đường Phạm Văn Thuận, Phường Tam Hiệp, Thành phố Biên Hòa, Đồng Nai","52,63 triệu/m²",6 phòng,3 phòng,Tây Bắc,1,Đã có sổ,"Nhà mặt phố, mặt tiền",Hoàn thiện cơ bản,,,,
"2,60 tỷ",Cập nhật 1 giờ trước,"118,18 triệu/m²",3 phòng,2 phòng,,,Đã có sổ,"Nhà ngõ, hẻm",,,,44 m²,22 m²
"3,15 tỷ","quốc , Phường Hiệp Bình Chánh (Quận Thủ Đức cũ), Thành phố Thủ Đức, Tp Hồ Chí Minh","78,75 triệu/m²",2 phòng,2 phòng,,1,Đã có sổ,"Nhà ngõ, hẻm",Hoàn thiện cơ bản,5 m,,,
"7,60 tỷ",Cập nhật 1 ngày trước,"97,44 triệu/m²",4 phòng,4 phòng,Đông,3,Đã có sổ,"Nhà ngõ, hẻm",Nội thất đầy đủ,,,,
"2,90 tỷ",Cập nhật 1 ngày trước,"31,35 triệu/m²",1 phòng,1 phòng,,,Đã có sổ,"Nhà mặt phố, mặt tiền",,,,92.5 m²,92.5 m²
"3,45 tỷ","Đường Lê Thúc Hoạch, Phường Tân Quý, Quận Tân Phú, Tp Hồ Chí Minh","118,97 triệu/m²",2 phòng,2 phòng,,,Đã có sổ,"Nhà ngõ, hẻm",,3.6 m,8 m,,29 m²
"4,70 tỷ","Đường Số 8, Phường Bình Hưng Hoà B, Quận Bình Tân, Tp Hồ Chí Minh","83,93 triệu/m²",4 phòng,4 phòng,,4,Đã có sổ,"Nhà mặt phố, mặt tiền",,4 m,14 m,,
"4,70 tỷ","Đường Số 8, Phường Bình Hưng Hoà B, Quận Bình Tân, Tp Hồ Chí Minh","83,93 triệu/m²",4 phòng,4 phòng,,4,Đã có sổ,"Nhà mặt phố, mặt tiền",,4 m,14 m,,
"4,95 tỷ","Đường Trần Quý Cáp, Phường 11, Quận Bình Thạnh, Tp Hồ Chí Minh",150 triệu/m²,4 phòng,2 phòng,,4,Đã có sổ,"Nhà ngõ, hẻm",,3 m,11 m,,
"2,89 tỷ","2266, Huỳnh Tấn Phát, Thị trấn Nhà Bè, Huyện Nhà Bè, Tp Hồ Chí Minh","80,28 triệu/m²",4 phòng,3 phòng,Đông Nam,3,Đã có sổ,Nhà phố liền kề,Nội thất đầy đủ,,,,
105 tỷ,"9, Đường Nguyễn Văn Thủ, Phường Đa Kao, Quận 1, Tp Hồ Chí Minh","729,17 triệu/m²",nhiều hơn 10 phòng,,Tây Bắc,,Đã có sổ,"Nhà mặt phố, mặt tiền",,8.5 m,18 m,887 m²,
"3,50 tỷ","Phú hồng thịnh 8 , Bình Phước B, Phường Bình Chuẩn, Thành phố Thuận An, Bình Dương","54,69 triệu/m²",3 phòng,4 phòng,Đông Nam,2,Đã có sổ,,,,,,
"5,50 tỷ","Đường Lê Văn Lương, Phường Tân Quy, Quận 7, Tp Hồ Chí Minh",110 triệu/m²,3 phòng,2 phòng,,,Đã có sổ,"Nhà ngõ, hẻm",,4 m,13 m,59 m²,
"5,70 tỷ",Nguyễn Đình Chiểu,"167,16 triệu/m²",6 phòng,3 phòng,,3,Đã có sổ,"Nhà ngõ, hẻm",Nội thất đầy đủ,10.95 m,,,
"2,80 tỷ","Đường Nguyễn Tri Phương, Phường An Bình, Thành phố Dĩ An, Bình Dương",35 triệu/m²,6 phòng,6 phòng,,,Đã có sổ,"Nhà ngõ, hẻm",,4 m,20 m,,80 m²
30 tỷ,Cập nhật 1 ngày trước,75 triệu/m²,10 phòng,Nhiều hơn 6 phòng,,3,Đã có sổ,"Nhà mặt phố, mặt tiền",,,,,400 m²
"1,08 tỷ","Đường Hậu Giang, Phường 6, Quận 6, Tp Hồ Chí Minh","19,64 triệu/m²",3 phòng,3 phòng,,2,Đã có sổ,"Nhà mặt phố, mặt tiền",Nội thất đầy đủ,5 m,,,
"6,85 tỷ","Đường Thạnh Xuân 25, Phường Thạnh Xuân, Quận 12, Tp Hồ Chí Minh","122,32 triệu/m²",4 phòng,4 phòng,,4,Đã có sổ,Nhà phố liền kề,Nội thất cao cấp,4.7 m,,,
"3,70 tỷ","Đường Số 2, Phường Bình Hưng Hoà B, Quận Bình Tân, Tp Hồ Chí Minh","54,41 triệu/m²",3 phòng,2 phòng,,2,Đã có sổ,"Nhà mặt phố, mặt tiền",,4.5 m,15 m,,
3 tỷ,"88, Đường Nhựa, Phường Dĩ An, Thành phố Dĩ An, Bình Dương","42,13 triệu/m²",3 phòng,2 phòng,Đông Nam,2,Đã có sổ,"Nhà mặt phố, mặt tiền",,,,,
"7,30 tỷ","607, Đường Tân Kỳ Tân Quý, Phường Tân Quý, Quận Tân Phú, Tp Hồ Chí Minh","71,57 triệu/m²",3 phòng,2 phòng,,2,Đã có sổ,"Nhà mặt phố, mặt tiền",Nội thất đầy đủ,3.2 m,,,
"5,19 tỷ",Cập nhật 1 ngày trước,"86,50 triệu/m²",4 phòng,,,,Đã có sổ,"Nhà ngõ, hẻm",Nội thất cao cấp,,,,60 m²
"5,50 tỷ","Phố Trạm, Phường Long Biên, Quận Long Biên, Hà Nội","157,14 triệu/m²",3 phòng,,,5,Đã có sổ,"Nhà ngõ, hẻm",Nội thất đầy đủ,5 m,,,
"5,50 tỷ","66, Đường Cầu Giấy, Phường Quan Hoa, Quận Cầu Giấy, Hà Nội","188,36 triệu/m²",3 phòng,3 phòng,,3,Đã có sổ,"Nhà ngõ, hẻm",,3.9 m,,150 m²,
"4,40 tỷ","Cách Mạng Tháng 8, Phường 15, Quận 10, Tp Hồ Chí Minh","123,25 triệu/m²",4 phòng,2 phòng,Đông Nam,3,Đã có sổ,"Nhà ngõ, hẻm",,4 m,,,
"7,80 tỷ","Đường Lương Thế Vinh, Phường Tân Thới Hòa, Quận Tân Phú, Tp Hồ Chí Minh","54,17 triệu/m²",1 phòng,1 phòng,Tây,1,Đã có sổ,"Nhà ngõ, hẻm",Hoàn thiện cơ bản,,,,
"5,60 tỷ","Nguyễn Huy Liệu, Phường Khuê Trung, Quận Cẩm Lệ, Đà Nẵng","82,35 triệu/m²",4 phòng,5 phòng,,3,Đã có sổ,"Nhà mặt phố, mặt tiền",,11 m,,,68 m²
"7,80 tỷ","Đường Lương Thế Vinh, Phường Tân Thới Hòa, Quận Tân Phú, Tp Hồ Chí Minh","54,17 triệu/m²",1 phòng,1 phòng,Tây,1,Đã có sổ,"Nhà ngõ, hẻm",Hoàn thiện cơ bản,,,,
"5,60 tỷ","Nguyễn Huy Liệu, Phường Khuê Trung, Quận Cẩm Lệ, Đà Nẵng","82,35 triệu/m²",4 phòng,5 phòng,,3,Đã có sổ,"Nhà mặt phố, mặt tiền",,11 m,,,68 m²
"5,50 tỷ","Đường Trần Thị Hè, Phường Hiệp Thành, Quận 12, Tp Hồ Chí Minh","84,62 triệu/m²",4 phòng,4 phòng,Đông,4,Đã có sổ,"Nhà ngõ, hẻm",Nội thất đầy đủ,,,,
8 tỷ,"Đường Số 16, Phường Bình Hưng Hòa, Quận Bình Tân, Tp Hồ Chí Minh","66,83 triệu/m²",1 phòng,1 phòng,,,Đã có sổ,"Nhà mặt phố, mặt tiền",,5 m,24 m,,119.7 m²
"4,90 tỷ",Cập nhật 1 ngày trước,"132,43 triệu/m²",4 phòng,,,,Đã có sổ,"Nhà ngõ, hẻm",,,,,37 m²
"1,59 tỷ","Đường Huỳnh Tấn Phát, Xã Phú Xuân, Huyện Nhà Bè, Tp Hồ Chí Minh","58,89 triệu/m²",3 phòng,3 phòng,,2,Sổ chung / công chứng vi bằng,"Nhà ngõ, hẻm",,3.8 m,7 m,,
"12,90 tỷ","Hẻm 51/4, Hẻm 51 Thành Thái, Phường 14, Quận 10, Tp Hồ Chí Minh","195,45 triệu/m²",5 phòng,,Đông Bắc,2,Đã có sổ,"Nhà ngõ, hẻm",Hoàn thiện cơ bản,,,,
"6,70 tỷ","Đường Số 11, Phường Cái Khế, Quận Ninh Kiều, Cần Thơ","45,58 triệu/m²",3 phòng,2 phòng,Tây,2,Đã có sổ,"Nhà ngõ, hẻm",Nội thất cao cấp,,,,
"4,50 tỷ",Cập nhật 1 ngày trước,90 triệu/m²,4 phòng,,,,Đã có sổ,"Nhà ngõ, hẻm",,,,,50 m²
5 tỷ,Cập nhật 1 ngày trước,125 triệu/m²,4 phòng,,,,,"Nhà ngõ, hẻm",,,,,40 m²
"13,20 tỷ","Đường Trần Văn Kiểu, Phường 11, Quận 6, Tp Hồ Chí Minh",165 triệu/m²,6 phòng,,,,Đã có sổ,"Nhà mặt phố, mặt tiền",,4 m,20 m,,80 m²
"1,25 tỷ","Đường Huỳnh Tấn Phát, Xã Phú Xuân, Huyện Nhà Bè, Tp Hồ Chí Minh","52,08 triệu/m²",2 phòng,2 phòng,,1,Sổ chung / công chứng vi bằng,"Nhà ngõ, hẻm",,3 m,8 m,,
12 tỷ,"Song Hành, Phường 10, Quận 6, Tp Hồ Chí Minh","157,89 triệu/m²",4 phòng,,,,Đã có sổ,"Nhà mặt phố, mặt tiền",,4 m,19 m,,76 m²
"7,50 tỷ","Quốc Lộ 1A, Thị trấn Chợ Lầu, Huyện Bắc Bình, Bình Thuận","2,19 triệu/m²",1 phòng,1 phòng,,,Đã có sổ,Nhà phố liền kề,,25 m,137 m,,3426 m²
"7,40 tỷ","40, Phường 10, Quận 6, Tp Hồ Chí Minh","154,17 triệu/m²",4 phòng,,,,Đã có sổ,"Nhà mặt phố, mặt tiền",,4 m,12 m,,48 m²
"7,56 tỷ","Cư Xá Ra Đa, Phường 13, Quận 6, Tp Hồ Chí Minh","157,50 triệu/m²",5 phòng,,,,Đã có sổ,"Nhà ngõ, hẻm",,3.5 m,15 m,,48 m²
"6,20 tỷ",Đường Lê Trực,"172,22 triệu/m²",4 phòng,,,,Đã có sổ,"Nhà mặt phố, mặt tiền",,3 m,12 m,112 m²,36 m²
"3,98 tỷ","Đường Lê Liễu, Phường Tân Quý, Quận Tân Phú, Tp Hồ Chí Minh","99,50 triệu/m²",2 phòng,,,,Đã có sổ,"Nhà ngõ, hẻm",,5.5 m,7.5 m,,40 m²
"12,50 tỷ","Trần Văn Kiểu, Phường 11, Quận 6, Tp Hồ Chí Minh","164,47 triệu/m²",6 phòng,,,,Đã có sổ,"Nhà mặt phố, mặt tiền",,4 m,19 m,,76 m²
"1,05 tỷ",Cập nhật 2 giờ trước,105 triệu/m²,2 phòng,2 phòng,,,Đã có sổ,"Nhà ngõ, hẻm",,,,,10 m²
"1,45 tỷ","Đường Lê Văn Tao, Phường 2, Thành phố Tân An, Long An","35,89 triệu/m²",1 phòng,1 phòng,Đông Bắc,,Đã có sổ,"Nhà ngõ, hẻm",Hoàn thiện cơ bản,4 m,,,
"6,60 tỷ","177A/14, Đường Nguyễn Văn Luông, Phường 11, Quận 6, Tp Hồ Chí Minh","134,69 triệu/m²",4 phòng,4 phòng,Đông Bắc,4,Đã có sổ,"Nhà ngõ, hẻm",Nội thất đầy đủ,,,,
"6,60 tỷ",Cập nhật 1 ngày trước,"70,97 triệu/m²",4 phòng,,,,Đã có sổ,"Nhà ngõ, hẻm",,,,,93 m²
"2,36 tỷ","Đường Nguyễn Tri Phương, Phường 8, Quận 10, Tp Hồ Chí Minh",236 triệu/m²,3 phòng,3 phòng,,2,Đã có sổ,"Nhà ngõ, hẻm",Nội thất đầy đủ,6.5 m,,,
25 tỷ,"Đường Phan Đăng Lưu, Phường 1, Quận Phú Nhuận, Tp Hồ Chí Minh","178,57 triệu/m²",2 phòng,2 phòng,,1,Đã có sổ,"Nhà ngõ, hẻm",Hoàn thiện cơ bản,5.5 m,,,
750 triệu,Cập nhật 6 giờ trước,"9,24 triệu/m²",2 phòng,2 phòng,,1,Đã có sổ,"Nhà mặt phố, mặt tiền",Hoàn thiện cơ bản,,,,
"3,25 tỷ","Đường Võ Oanh, Phường 25, Quận Bình Thạnh, Tp Hồ Chí Minh","48,15 triệu/m²",4 phòng,5 phòng,,3,Đã có sổ,Nhà phố liền kề,Nội thất đầy đủ,4.5 m,,,
"1,32 tỷ",Cập nhật 2 giờ trước,88 triệu/m²,2 phòng,2 phòng,,,Đã có sổ,"Nhà ngõ, hẻm",,,,,15 m²
"8,20 tỷ","Đường Huỳnh Tấn Phát, Phường Phú Mỹ, Quận 7, Tp Hồ Chí Minh","63,08 triệu/m²",4 phòng,4 phòng,,2,Đã có sổ,"Nhà ngõ, hẻm",Nội thất đầy đủ,4 m,,,
"2,70 tỷ","Đường Trần Quang Khải, Phường Tân Định, Quận 1, Tp Hồ Chí Minh","168,75 triệu/m²",1 phòng,1 phòng,,,Đã có sổ,"Nhà ngõ, hẻm",,4.7 m,3.5 m,40 m²,
"11,80 tỷ","Đường Cộng Hòa, Phường 13, Quận Tân Bình, Tp Hồ Chí Minh","151,28 triệu/m²",4 phòng,4 phòng,,2,Đã có sổ,"Nhà ngõ, hẻm",Nội thất đầy đủ,4 m,,,
125 tỷ,Cập nhật 12 phút trước,"543,48 triệu/m²",5 phòng,Nhiều hơn 6 phòng,,8,Đã có sổ,"Nhà mặt phố, mặt tiền",Nội thất cao cấp,,,,230 m²
"6,95 tỷ","Phố Vũ Hữu, Phường Thanh Xuân Bắc, Quận Thanh Xuân, Hà Nội","173,75 triệu/m²",4 phòng,4 phòng,,4,Đã có sổ,"Nhà ngõ, hẻm",Hoàn thiện cơ bản,3.5 m,,,
"4,95 tỷ","Đường Tôn Thất Thuyết, Phường 4, Quận 4, Tp Hồ Chí Minh","170,69 triệu/m²",2 phòng,3 phòng,Đông Nam,3,Đã có sổ,"Nhà ngõ, hẻm",,3.5 m,,,
"10,50 tỷ",Cập nhật 13 giờ trước,"194,44 triệu/m²",4 phòng,4 phòng,,3,Đã có sổ,"Nhà mặt phố, mặt tiền",,,,114 m²,54 m²
"13,80 tỷ","Trung Kính, Phường Yên Hoà, Quận Cầu Giấy, Hà Nội","209,09 triệu/m²",2 phòng,2 phòng,Tây Bắc,2,Đã có sổ,"Nhà mặt phố, mặt tiền",Nội thất cao cấp,,,,
"3,30 tỷ","ĐT 743C, Phường Tân Đông Hiệp, Thành phố Dĩ An, Bình Dương","47,14 triệu/m²",2 phòng,2 phòng,Đông Bắc,2,Đã có sổ,Nhà phố liền kề,Hoàn thiện cơ bản,,,,
"1,35 tỷ",Cập nhật 2 giờ trước,135 triệu/m²,2 phòng,,,,Đã có sổ,"Nhà ngõ, hẻm",,,,,10 m²
"3,49 tỷ","Đường số 15, Phường 11, Quận Gò Vấp, Tp Hồ Chí Minh","87,25 triệu/m²",2 phòng,3 phòng,,2,Đã có sổ,"Nhà ngõ, hẻm",Hoàn thiện cơ bản,3.5 m,,,
"4,20 tỷ","Đường Hương Lộ 3, Phường Bình Hưng Hòa, Quận Bình Tân, Tp Hồ Chí Minh","87,50 triệu/m²",2 phòng,2 phòng,,,Đã có sổ,"Nhà ngõ, hẻm",,4 m,12 m,,
"6,68 tỷ","Phố Nguyễn Lương Bằng, Phường Ô Chợ Dừa, Quận Đống Đa, Hà Nội","133,60 triệu/m²",5 phòng,5 phòng,,5,Đã có sổ,"Nhà ngõ, hẻm",Nội thất đầy đủ,5.2 m,,,
"6,50 tỷ",Cập nhật 2 giờ trước,"108,33 triệu/m²",3 phòng,,,,Đã có sổ,"Nhà mặt phố, mặt tiền",,,,,60 m²
4 tỷ,"Đường Nguyễn Văn Cừ, Phường Long Tuyền, Quận Bình Thuỷ, Cần Thơ","62,50 triệu/m²",3 phòng,,,,Đã có sổ,"Nhà mặt phố, mặt tiền",,4 m,16 m,128 m²,64 m²
"5,70 tỷ","Đường Tân Kỳ Tân Quý, Phường Bình Hưng Hoà A, Quận Bình Tân, Tp Hồ Chí Minh",95 triệu/m²,2 phòng,2 phòng,,2,Đã có sổ,Nhà phố liền kề,,5 m,12 m,,
"2,65 tỷ","Đường Trần Bình Trọng, Phường 5, Quận Bình Thạnh, Tp Hồ Chí Minh","110,42 triệu/m²",2 phòng,2 phòng,,2,Đã có sổ,"Nhà ngõ, hẻm",,3 m,8 m,,
"8,99 tỷ","Đường Nghi Tàm, Phường Yên Phụ, Quận Tây Hồ, Hà Nội","199,78 triệu/m²",4 phòng,4 phòng,,4,Đã có sổ,"Nhà ngõ, hẻm",Nội thất cao cấp,6.2 m,,,
8 tỷ,"Đường Tân Quý, Phường Tân Quý, Quận Tân Phú, Tp Hồ Chí Minh","121,21 triệu/m²",2 phòng,2 phòng,,,Đã có sổ,"Nhà mặt phố, mặt tiền",,4 m,16.5 m,,66 m²
"2,80 tỷ","Đường số 12, Phường An Khánh (Quận 2 cũ), Thành phố Thủ Đức, Tp Hồ Chí Minh","72,73 triệu/m²",3 phòng,2 phòng,,2,Đã có sổ,"Nhà ngõ, hẻm",Nội thất đầy đủ,3.5 m,,,
"7,10 tỷ","Đường Huỳnh Tấn Phát, Phường Phú Mỹ, Quận 7, Tp Hồ Chí Minh",142 triệu/m²,4 phòng,4 phòng,,4,Đã có sổ,Nhà phố liền kề,Nội thất cao cấp,4.3 m,,,
"2,90 tỷ","Đường Ðiện Biên Phủ, Phường 11, Quận 3, Tp Hồ Chí Minh","120,83 triệu/m²",2 phòng,2 phòng,,,Đã có sổ,"Nhà ngõ, hẻm",,4 m,6 m,,24 m²
"25,50 tỷ","Đường Số 6 Khu Dân cư Tấn Trường, Phường Phú Thuận, Quận 7, Tp Hồ Chí Minh","157,41 triệu/m²",4 phòng,,,,Đã có sổ,Nhà biệt thự,,9 m,18 m,,162 m²
"2,70 tỷ","Đường Bình Quới, Phường 28, Quận Bình Thạnh, Tp Hồ Chí Minh","62,79 triệu/m²",2 phòng,2 phòng,,2,Đã có sổ,"Nhà ngõ, hẻm",Nội thất đầy đủ,4.2 m,,,
"1,55 tỷ",Cập nhật 1 ngày trước,"17,61 triệu/m²",3 phòng,2 phòng,,,Đã có sổ,"Nhà mặt phố, mặt tiền",,,,,88 m²
"1,35 tỷ","Đường Hoàng Phan Thái, Xã Bình Chánh, Huyện Bình Chánh, Tp Hồ Chí Minh",15 triệu/m²,3 phòng,3 phòng,Tây Nam,1,Đã có sổ,"Nhà mặt phố, mặt tiền",Nội thất cao cấp,,,,
"6,10 tỷ","Đường Quang Trung, Phường 10, Quận Gò Vấp, Tp Hồ Chí Minh","67,78 triệu/m²",3 phòng,2 phòng,,2,Đã có sổ,"Nhà ngõ, hẻm",Hoàn thiện cơ bản,6 m,,,
12 tỷ,Cập nhật 2 giờ trước,75 triệu/m²,nhiều hơn 10 phòng,,,,Đã có sổ,"Nhà ngõ, hẻm",,,,,160 m²
"3,60 tỷ","Đường Phạm Văn Thuận, Phường Tam Hiệp, Thành phố Biên Hòa, Đồng Nai","56,25 triệu/m²",3 phòng,2 phòng,,,Đã có sổ,"Nhà ngõ, hẻm",Nội thất đầy đủ,4.4 m,14.5 m,,
"9,20 tỷ","20, Đường Hồ Tùng Mậu, Phường Mai Dịch, Quận Cầu Giấy, Hà Nội","150,82 triệu/m²",4 phòng,3 phòng,,4,Đã có sổ,"Nhà ngõ, hẻm",,4 m,,200 m²,
750 triệu,"Đường Xuân Thới Sơn 18, Xã Xuân Thới Sơn, Huyện Hóc Môn, Tp Hồ Chí Minh",15 triệu/m²,3 phòng,2 phòng,Bắc,1,Đã có sổ,"Nhà ngõ, hẻm",,5 m,,,
"1,85 tỷ","Đường Yết Kiêu, Phường Long Bình, Thành phố Biên Hòa, Đồng Nai","29,37 triệu/m²",4 phòng,2 phòng,Tây Bắc,2,Đang chờ sổ,"Nhà mặt phố, mặt tiền",Nội thất cao cấp,,,,
"2,50 tỷ","Đường Hồ Thị Kỷ, Phường 1, Quận 10, Tp Hồ Chí Minh",125 triệu/m²,2 phòng,2 phòng,,2,Đã có sổ,"Nhà ngõ, hẻm",Nội thất đầy đủ,4.1 m,,,
"13,50 tỷ","70, Đường Lâm Thị Hố, Phường Tân Chánh Hiệp, Quận 12, Tp Hồ Chí Minh",50 triệu/m²,4 phòng,,,,Đã có sổ,"Nhà mặt phố, mặt tiền",,12 m,22 m,,270 m²
"8,99 tỷ",Cập nhật 1 ngày trước,"107,02 triệu/m²",4 phòng,6 phòng,Đông Bắc,3,Đã có sổ,Nhà phố liền kề,,,,,
8 tỷ,"Đường số 29, Phường Bình Trị Đông B, Quận Bình Tân, Tp Hồ Chí Minh","88,89 triệu/m²",1 phòng,,,1,Đã có sổ,"Nhà mặt phố, mặt tiền",,6 m,15 m,90 m²,
"16,80 tỷ","Đường Vườn Lài, Phường Phú Thọ Hòa, Quận Tân Phú, Tp Hồ Chí Minh","145,45 triệu/m²",4 phòng,2 phòng,,,Đã có sổ,"Nhà mặt phố, mặt tiền",,5.5 m,21 m,,115.5 m²
"3,68 tỷ","Đường Quốc lộ 1, Phường Đông Hưng Thuận, Quận 12, Tp Hồ Chí Minh","69,30 triệu/m²",4 phòng,,Tây Bắc,3,Đã có sổ,"Nhà mặt phố, mặt tiền",,4.2 m,12.8 m,,
"3,90 tỷ","HẺM, ĐƯỜNG TÂN KỲ TÂN QUÝ, Phường Sơn Kỳ, Quận Tân Phú, Tp Hồ Chí Minh","84,78 triệu/m²",2 phòng,,,2,Đã có sổ,"Nhà ngõ, hẻm",,4 m,11.5 m,,46 m²
"1,50 tỷ","đường tân hoà đông, Phường Bình Trị Đông, Quận Bình Tân, Tp Hồ Chí Minh",50 triệu/m²,2 phòng,1 phòng,Đông,1,Đang chờ sổ,"Nhà ngõ, hẻm",Hoàn thiện cơ bản,,,,
"7,50 tỷ",Đường  Bùi Văn Ba,"64,66 triệu/m²",4 phòng,3 phòng,,2,Đã có sổ,"Nhà ngõ, hẻm",Hoàn thiện cơ bản,4 m,,,
"3,65 tỷ","ấp 5, Xã Vĩnh Lộc B, Huyện Bình Chánh, Tp Hồ Chí Minh","46,79 triệu/m²",1 phòng,1 phòng,,,Đã có sổ,"Nhà ngõ, hẻm",,3.89 m,20 m,64.2 m²,
"7,50 tỷ","Đường Vòng xoay An Lạc, Phường An Lạc, Quận Bình Tân, Tp Hồ Chí Minh","89,29 triệu/m²",5 phòng,,,,Đã có sổ,"Nhà ngõ, hẻm",,4 m,21 m,300 m²,84 m²
