price,address,price_m2,rooms,toilets,direction,property_status,balconydirection,property_legal_document,apartment_type,furnishing_sell,size,apartment_feature
"2,16 tỷ","- 37,89 triệu/m²","37,89 triệu/m²",2 phòng,1 phòng,Nam,Đã bàn giao,Bắc,,,,,
"2,28 tỷ",- 40 triệu/m²,40 triệu/m²,2 phòng,1 phòng,Đông,Đã bàn giao,Tây,,,,,
"1,80 tỷ","- 36,73 triệu/m²","36,73 triệu/m²",1 phòng,1 phòng,Bắc,Đã bàn giao,Nam,,,,,
"2,38 tỷ","Trịnh Quang Nghị, Xã Phong Phú, Huyện Bình Chánh, Tp Hồ Chí Minh","36,62 triệu/m²",2 phòng,2 phòng,,Chưa bàn giao,,Sổ hồng riêng,Chung cư,,65 m²,
700 triệu,"- 11,67 triệu/m²","11,67 triệu/m²",2 phòng,2 phòng,Bắc,Đã bàn giao,Đông Nam,,,,,
"1,60 tỷ","Đường Hồ Học Lãm, Phường An Lạc, Quận Bình Tân, Tp Hồ Chí Minh","33,68 triệu/m²",1 phòng,1 phòng,,Chưa bàn giao,,Sổ hồng riêng,Chung cư,Nội thất đầy đủ,47.5 m²,
"2,57 tỷ",Đường Xô Viết Nghệ Tĩnh,"50,39 triệu/m²",1 phòng,2 phòng,,Đã bàn giao,,Sổ hồng riêng,Chung cư,Hoàn thiện cơ bản,,
"2,80 tỷ","Nguyễn Hữu Thọ, Xã Phước Kiển, Huyện Nhà Bè, Tp Hồ Chí Minh","37,84 triệu/m²",2 phòng,2 phòng,,Đã bàn giao,Đông,,Chung cư,,,
"2,70 tỷ","Mai Chí Thọ, Phường An Phú (Quận 2 cũ), Thành phố Thủ Đức, Tp Hồ Chí Minh",54 triệu/m²,1 phòng,,,Đã bàn giao,,Hợp đồng mua bán,Chung cư,Nội thất cao cấp,50 m²,
"1,53 tỷ","Hồ Học Lãm, Phường An Lạc, Quận Bình Tân, Tp Hồ Chí Minh","30,60 triệu/m²",1 phòng,1 phòng,,Đã bàn giao,,Sổ hồng riêng,Chung cư,Hoàn thiện cơ bản,,
"5,70 tỷ","- 54,81 triệu/m²","54,81 triệu/m²",3 phòng,2 phòng,Tây,Đã bàn giao,Đông,Sổ hồng riêng,Chung cư,,,
"3,64 tỷ","196, Cao Lỗ, Phường 4, Quận 8, Tp Hồ Chí Minh","39,57 triệu/m²",3 phòng,3 phòng,,Đã bàn giao,,Hợp đồng mua bán,Chung cư,,92 m²,
"3,50 tỷ","Tân Túc, Thị trấn Tân Túc, Huyện Bình Chánh, Tp Hồ Chí Minh","41,18 triệu/m²",3 phòng,2 phòng,,Chưa bàn giao,,Sổ hồng riêng,Penthouse,Nội thất đầy đủ,,
"3,40 tỷ","- 42,50 triệu/m²","42,50 triệu/m²",2 phòng,2 phòng,Tây Bắc,Đã bàn giao,Đông Nam,Hợp đồng mua bán,Chung cư,,,
"2,78 tỷ","Số 4, Đào Trí, Phường Phú Thuận, Quận 7, Tp Hồ Chí Minh","40,88 triệu/m²",2 phòng,,,Đã bàn giao,,Hợp đồng mua bán,Chung cư,Hoàn thiện cơ bản,,
"5,70 tỷ","008D, Đường Tống Văn Trân, Phường 5, Quận 11, Tp Hồ Chí Minh",75 triệu/m²,2 phòng,2 phòng,,Chưa bàn giao,,Sổ hồng riêng,Chung cư,Nội thất đầy đủ,,Căn góc
"5,70 tỷ","- 79,17 triệu/m²","79,17 triệu/m²",3 phòng,2 phòng,Tây Nam,Đã bàn giao,Tây Nam,Sổ hồng riêng,Chung cư,,,
5 tỷ,"Đường Số 6, Phường Hiệp Bình Phước, Thành phố Thủ Đức, Hồ Chí Minh, Phường Hiệp Bình Phước (Quận Thủ Đức cũ), Thành phố Thủ Đức, Tp Hồ Chí Minh","60,98 triệu/m²",2 phòng,2 phòng,,Đã bàn giao,,Sổ hồng riêng,Chung cư,,82 m²,
"2,70 tỷ","Tân Túc, Thị trấn Tân Túc, Huyện Bình Chánh, Tp Hồ Chí Minh","39,13 triệu/m²",nhiều hơn 10 phòng,2 phòng,,Chưa bàn giao,,Hợp đồng mua bán,Penthouse,,69 m²,
"3,20 tỷ","KĐT Vinhomes Grand Park, Phường Long Thạnh Mỹ, Quận 9, Hồ Chí Minh, Phường Long Bình (Quận 9 cũ), Thành phố Thủ Đức, Tp Hồ Chí Minh","54,05 triệu/m²",2 phòng,2 phòng,,Đã bàn giao,,Sổ hồng riêng,Chung cư,Hoàn thiện cơ bản,59.2 m²,
"3,30 tỷ",Cập nhật 3 ngày trước,"45,83 triệu/m²",2 phòng,2 phòng,,Chưa bàn giao,,,Chung cư,,72 m²,
"2,50 tỷ","- 36,23 triệu/m²","36,23 triệu/m²",2 phòng,2 phòng,Đông Bắc,Chưa bàn giao,Tây Nam,,,,,
"9,50 tỷ","Đường Song Hành, Phường An Phú (Quận 2 cũ), Thành phố Thủ Đức, Tp Hồ Chí Minh","70,37 triệu/m²",3 phòng,2 phòng,,Đã bàn giao,,Sổ hồng riêng,Chung cư,,135 m²,
"3,40 tỷ","Hiệp Bình Chánh, Phường Hiệp Bình Chánh (Quận Thủ Đức cũ), Thành phố Thủ Đức, Tp Hồ Chí Minh","47,89 triệu/m²",2 phòng,2 phòng,,Đã bàn giao,,Đang chờ sổ,Chung cư,Nội thất cao cấp,,
"3,05 tỷ","- 38,13 triệu/m²","38,13 triệu/m²",3 phòng,2 phòng,Đông Nam,Đã bàn giao,,,,,,
"3,10 tỷ","An Dương Vương, Phường An Lạc, Quận Bình Tân, Tp Hồ Chí Minh","60,78 triệu/m²",1 phòng,,,Chưa bàn giao,,Hợp đồng mua bán,Chung cư,Nội thất cao cấp,51 m²,
"2,75 tỷ","Đường Nguyễn Hữu Cảnh, Phường 22, Bình Thạnh, Hồ Chí Minh, Phường 22, Quận Bình Thạnh, Tp Hồ Chí Minh",55 triệu/m²,2 phòng,2 phòng,,Đã bàn giao,,Sổ hồng riêng,Chung cư,,50 m²,
"2,80 tỷ","Số 4, Đào Trí, Phường Phú Thuận, Quận 7, Tp Hồ Chí Minh","41,18 triệu/m²",2 phòng,2 phòng,,Đã bàn giao,,Hợp đồng mua bán,Chung cư,,68 m²,
5 tỷ,"171A, Hoàng Hoa Thám, Phường 13, Quận Tân Bình, Tp Hồ Chí Minh","53,19 triệu/m²",3 phòng,2 phòng,,Đã bàn giao,,Sổ hồng riêng,Chung cư,,,
"1,81 tỷ","Đường Điện Biên Phủ, Phường 22, Quận Bình Thạnh, Tp Hồ Chí Minh","50,28 triệu/m²",2 phòng,2 phòng,,Đã bàn giao,,Hợp đồng mua bán,Chung cư,Hoàn thiện cơ bản,36 m²,
"5,15 tỷ","Khu đô thị Cityland Park Hills - Số 18, Khu đô thị Cityland Park Hills - Số 18 Đường Phan Văn Trị, Phường 10, Quận Gò Vấp, Tp Hồ Chí Minh","52,55 triệu/m²",2 phòng,2 phòng,,Đã bàn giao,,Sổ hồng riêng,Chung cư,,98 m²,
"1,55 tỷ","Long Thạnh Mỹ, Phường Long Bình (Quận 9 cũ), Thành phố Thủ Đức, Tp Hồ Chí Minh",155 triệu/m²,2 phòng,,,Đã bàn giao,,Sổ hồng riêng,Chung cư,,10 m²,
"1,75 tỷ","Phạm Hữu Lầu, Phường Phú Mỹ, Quận 7, Tp Hồ Chí Minh","38,04 triệu/m²",1 phòng,1 phòng,,Đã bàn giao,,Sổ hồng riêng,Chung cư,Nội thất đầy đủ,46 m²,
4 tỷ,"18, 18 Đường Phan Văn Trị, Phường 10, Quận Gò Vấp, Tp Hồ Chí Minh","53,33 triệu/m²",2 phòng,2 phòng,,Đã bàn giao,,Sổ hồng riêng,Chung cư,,75 m²,
"1,60 tỷ","Đường Nguyễn Hữu Cảnh, Phường 22, Quận Bình Thạnh, Tp Hồ Chí Minh",160 triệu/m²,2 phòng,1 phòng,,Đã bàn giao,,Sổ hồng riêng,Chung cư,Nội thất cao cấp,10 m²,
"1,68 tỷ","79-81, 79-81 79-81 Nguyễn Xí, Phường 26, Bình Thạnh, Hồ Chí Minh, Phường 26, Quận Bình Thạnh, Tp Hồ Chí Minh","33,60 triệu/m²",2 phòng,2 phòng,,Đã bàn giao,,Hợp đồng mua bán,Chung cư,,50 m²,
"5,70 tỷ","18, 18 Đường Phan Văn Trị, Phường 10, Quận Gò Vấp, Tp Hồ Chí Minh","48,31 triệu/m²",3 phòng,2 phòng,,Đã bàn giao,,Sổ hồng riêng,Chung cư,,118 m²,
"1,72 tỷ","Tạ Quang Bửu, Phường 6, Quận 8, Tp Hồ Chí Minh",172 triệu/m²,3 phòng,2 phòng,,Đã bàn giao,,Sổ hồng riêng,Chung cư,Nội thất đầy đủ,10 m²,
"1,50 tỷ","Đường Hồ Văn Long, Phường Tân Tạo, Quận Bình Tân, Tp Hồ Chí Minh","26,79 triệu/m²",2 phòng,1 phòng,,Đã bàn giao,,Sổ hồng riêng,Chung cư,,56 m²,
"3,50 tỷ","47, 47 33 Đường Lương Minh Nguyệt, Phường Tân Thới Hòa, Tân Phú, Hồ Chí Minh, Phường Tân Thới Hòa, Quận Tân Phú, Tp Hồ Chí Minh","49,30 triệu/m²",2 phòng,2 phòng,,Đã bàn giao,,Sổ hồng riêng,Chung cư,,71 m²,
"2,50 tỷ","Nguyễn Văn Linh, Phường Tân Phong, Quận 7, Tp Hồ Chí Minh","47,17 triệu/m²",1 phòng,,,Chưa bàn giao,,Hợp đồng mua bán,Officetel,,53 m²,
"1,80 tỷ","Hồng Lạc, Phường 10, Quận Tân Bình, Tp Hồ Chí Minh","37,50 triệu/m²",2 phòng,1 phòng,,Đã bàn giao,,Sổ hồng riêng,Chung cư,,48 m²,
"1,40 tỷ",Đường Nguyễn Văn Khối,"25,45 triệu/m²",2 phòng,1 phòng,,Chưa bàn giao,,Đang chờ sổ,Chung cư,,55 m²,
"2,10 tỷ","Số 207, Nguyễn Xí, Phường 26, Quận Bình Thạnh, Tp Hồ Chí Minh",70 triệu/m²,2 phòng,2 phòng,,Đã bàn giao,,Hợp đồng mua bán,Chung cư,,30 m²,
"7,20 tỷ",- 90 triệu/m²,90 triệu/m²,2 phòng,2 phòng,Đông Bắc,Đã bàn giao,Đông Bắc,,Chung cư,,,
"1,85 tỷ","Nguyễn Hữu Thọ, Phường Tân Hưng, Quận 7, Tp Hồ Chí Minh","48,68 triệu/m²",1 phòng,1 phòng,,Đã bàn giao,,Hợp đồng đặt cọc,Officetel,Hoàn thiện cơ bản,38 m²,
"2,50 tỷ","- 48,08 triệu/m²","48,08 triệu/m²",2 phòng,1 phòng,Nam,Chưa bàn giao,Bắc,,,,,
"1,90 tỷ","Nguyễn Hữu Thọ, Phường Tân Hưng, Quận 7, Tp Hồ Chí Minh","48,72 triệu/m²",1 phòng,1 phòng,,Đã bàn giao,,Hợp đồng đặt cọc,Officetel,,39 m²,
"2,10 tỷ","Số 207, Nguyễn Xí, Phường 26, Quận Bình Thạnh, Tp Hồ Chí Minh",70 triệu/m²,2 phòng,2 phòng,,Đã bàn giao,,Hợp đồng mua bán,Chung cư,,30 m²,
"1,72 tỷ","Đường Vườn Lài, Phường Phú Thọ Hòa, Quận Tân Phú, Tp Hồ Chí Minh",172 triệu/m²,3 phòng,2 phòng,,Đã bàn giao,,Sổ hồng riêng,Chung cư,Nội thất đầy đủ,10 m²,
"5,60 tỷ",- 56 triệu/m²,56 triệu/m²,3 phòng,2 phòng,Bắc,Đã bàn giao,Nam,,,,,
"1,75 tỷ","2, 2 110A Đường Phạm Văn Đồng, Phường 3, Gò Vấp, Hồ Chí Minh, Phường 3, Quận Gò Vấp, Tp Hồ Chí Minh",35 triệu/m²,2 phòng,2 phòng,,Đã bàn giao,,Hợp đồng mua bán,Chung cư,,50 m²,
"1,79 tỷ","Hồng Lạc, Phường 10, Quận Tân Bình, Tp Hồ Chí Minh","37,29 triệu/m²",2 phòng,,,Đã bàn giao,,Sổ hồng riêng,Chung cư,,48 m²,
"1,55 tỷ","Đường Tân Thới Nhất 12, Phường Tân Thới Nhất, Quận 12, Tp Hồ Chí Minh",155 triệu/m²,1 phòng,1 phòng,,Đã bàn giao,,Sổ hồng riêng,Chung cư,Nội thất đầy đủ,10 m²,
"3,15 tỷ","số 88, N1, Phường Sơn Kỳ, Quận Tân Phú, Tp Hồ Chí Minh","46,32 triệu/m²",2 phòng,2 phòng,,Đã bàn giao,,Hợp đồng đặt cọc,Chung cư,,68 m²,
"4,70 tỷ",Cập nhật 3 ngày trước,"63,51 triệu/m²",2 phòng,,,Đã bàn giao,,,Chung cư,,74 m²,
"9,34 tỷ",", Mỹ Đình, Phường Cầu Kho, Quận 1, Tp Hồ Chí Minh","86,48 triệu/m²",3 phòng,2 phòng,,Đã bàn giao,,Sổ hồng riêng,Chung cư,Nội thất cao cấp,108 m²,
"2,45 tỷ","Đường số 10, Phường Tam Bình (Quận Thủ Đức cũ), Thành phố Thủ Đức, Tp Hồ Chí Minh","38,89 triệu/m²",2 phòng,2 phòng,,Đã bàn giao,Đông Bắc,,Chung cư,,,
"1,59 tỷ","Đường Gò Dầu, Phường Tân Sơn Nhì, Quận Tân Phú, Tp Hồ Chí Minh",159 triệu/m²,2 phòng,1 phòng,,Đã bàn giao,,Sổ hồng riêng,Chung cư,Hoàn thiện cơ bản,10 m²,
"1,20 tỷ","Đường Nguyễn Xiển, Phường Long Thạnh Mỹ (Quận 9 cũ), Thành phố Thủ Đức, Tp Hồ Chí Minh","39,87 triệu/m²",1 phòng,1 phòng,,Đã bàn giao,,Sổ hồng riêng,Chung cư,,,
"2,40 tỷ","Đường Bình Quới, Phường 25, Quận Bình Thạnh, Tp Hồ Chí Minh","36,92 triệu/m²",2 phòng,1 phòng,,Đã bàn giao,,Sổ hồng riêng,Chung cư,,,
"1,58 tỷ","Đường Phan Văn Hớn, Phường Tân Thới Nhất, Quận 12, Tp Hồ Chí Minh",158 triệu/m²,2 phòng,2 phòng,,Đã bàn giao,,Sổ hồng riêng,Chung cư,Hoàn thiện cơ bản,10 m²,
"2,95 tỷ","An Dương Vương, Phường An Lạc, Quận Bình Tân, Tp Hồ Chí Minh","57,84 triệu/m²",1 phòng,1 phòng,,Chưa bàn giao,,Hợp đồng mua bán,Chung cư,,51 m²,
"1,90 tỷ","Trịnh Quang Nghị, Xã Phong Phú, Huyện Bình Chánh, Tp Hồ Chí Minh","35,19 triệu/m²",1 phòng,1 phòng,,Đã bàn giao,,Sổ hồng riêng,Chung cư,,54 m²,
"1,80 tỷ","Nguyễn Xiển, Phường Long Thạnh Mỹ (Quận 9 cũ), Thành phố Thủ Đức, Tp Hồ Chí Minh","32,67 triệu/m²",2 phòng,2 phòng,,Đã bàn giao,,Hợp đồng mua bán,Chung cư,,,
"1,66 tỷ","Đường Hòa Bình, Phường Tân Thới Hòa, Quận Tân Phú, Tp Hồ Chí Minh",166 triệu/m²,2 phòng,2 phòng,,Đã bàn giao,,Sổ hồng riêng,Chung cư,Hoàn thiện cơ bản,10 m²,
"6,50 tỷ","Bát Nàn, Phường Thạnh Mỹ Lợi (Quận 2 cũ), Thành phố Thủ Đức, Tp Hồ Chí Minh","80,25 triệu/m²",2 phòng,2 phòng,,Đã bàn giao,,Hợp đồng mua bán,Chung cư,,81 m²,
"1,25 tỷ","Đường Tạ Quang Bửu, Phường 6, Quận 8, Tp Hồ Chí Minh","16,67 triệu/m²",2 phòng,2 phòng,,Đã bàn giao,,Sổ hồng riêng,Chung cư,Hoàn thiện cơ bản,75 m²,
"3,20 tỷ","18, 18 Đường Phan Văn Trị, Phường 10, Quận Gò Vấp, Tp Hồ Chí Minh",64 triệu/m²,1 phòng,1 phòng,,Đã bàn giao,,Sổ hồng riêng,Chung cư,,50 m²,
"1,56 tỷ","Đường Tân Phú, Phường Tân Phú, Quận 7, Tp Hồ Chí Minh",156 triệu/m²,3 phòng,,,Đã bàn giao,,Sổ hồng riêng,Chung cư,Nội thất cao cấp,10 m²,
"3,50 tỷ","Nguyễn Xiển, Phường Long Bình (Quận 9 cũ), Thành phố Thủ Đức, Tp Hồ Chí Minh","70,28 triệu/m²",2 phòng,2 phòng,,Chưa bàn giao,,Hợp đồng mua bán,Chung cư,,,
"1,55 tỷ","346, Bến Vân Đồn, Phường 1, Quận 4, Tp Hồ Chí Minh",155 triệu/m²,2 phòng,2 phòng,,Đã bàn giao,,Sổ hồng riêng,Chung cư,,10 m²,
"1,62 tỷ","Hoàng Quốc Việt, Phường Phú Mỹ, Quận 7, Tp Hồ Chí Minh",162 triệu/m²,2 phòng,2 phòng,,Đã bàn giao,,Sổ hồng riêng,Chung cư,,,
"1,50 tỷ","Số 4, Đào Trí, Phường Phú Thuận, Quận 7, Tp Hồ Chí Minh",150 triệu/m²,2 phòng,,,Đã bàn giao,,Sổ hồng riêng,Chung cư,,10 m²,
"1,46 tỷ","Đường An Dương Vương, Phường 4, Quận 5, Tp Hồ Chí Minh","20,56 triệu/m²",2 phòng,2 phòng,,Đã bàn giao,,Sổ hồng riêng,Chung cư,Nội thất đầy đủ,71 m²,
"2,55 tỷ","Võ Văn Kiệt, Phường An Lạc, Quận Bình Tân, Tp Hồ Chí Minh","45,54 triệu/m²",2 phòng,1 phòng,,Chưa bàn giao,,Sổ hồng riêng,Chung cư,Hoàn thiện cơ bản,56 m²,
"1,83 tỷ","Tạ Quang Bửu, Phường 6, Quận 8, Tp Hồ Chí Minh",183 triệu/m²,2 phòng,2 phòng,,Đã bàn giao,,Sổ hồng riêng,Chung cư,Nội thất đầy đủ,,
"1,80 tỷ","Dương Khánh Hội, Phường 4, Quận 4, Tp Hồ Chí Minh",180 triệu/m²,2 phòng,2 phòng,,Đã bàn giao,,Đang chờ sổ,Chung cư,Nội thất cao cấp,10 m²,
"1,59 tỷ","Đường Phạm Hữu Lầu, Phường Phú Mỹ, Quận 7, Tp Hồ Chí Minh","21,20 triệu/m²",3 phòng,2 phòng,,Đã bàn giao,,Sổ hồng riêng,Chung cư,,,
"3,95 tỷ","xxx, Đường Đồng Xoài, Phường 13, Quận Tân Bình, Tp Hồ Chí Minh","103,95 triệu/m²",2 phòng,2 phòng,,Đã bàn giao,,Sổ hồng riêng,"Tập thể, cư xá",,38 m²,
"1,99 tỷ","20, Phường Hiệp Bình Chánh (Quận Thủ Đức cũ), Thành phố Thủ Đức, Tp Hồ Chí Minh","21,87 triệu/m²",3 phòng,,,Đã bàn giao,,Sổ hồng riêng,Chung cư,,91 m²,
"1,69 tỷ","Đường Võ Văn Kiệt, Phường 16, Quận 8, Thành phố Hồ Chí Minh, Phường 16, Quận 8, Tp Hồ Chí Minh","33,80 triệu/m²",2 phòng,2 phòng,,Đã bàn giao,,Hợp đồng mua bán,Chung cư,Hoàn thiện cơ bản,50 m²,
"1,88 tỷ","Đường Nguyễn Hữu Cảnh, Phường 22, Quận Bình Thạnh, Tp Hồ Chí Minh","62,67 triệu/m²",1 phòng,1 phòng,,Chưa bàn giao,,Sổ hồng riêng,Chung cư,,30 m²,
"1,89 tỷ","16, 16 16 Phổ Quang, Phường 2, Tân Bình, Hồ Chí Minh, Phường 2, Quận Tân Bình, Tp Hồ Chí Minh","37,80 triệu/m²",2 phòng,2 phòng,,Đã bàn giao,,Hợp đồng mua bán,Chung cư,,50 m²,
"1,55 tỷ","Đường Nguyễn Xiển, Phường Long Thạnh Mỹ (Quận 9 cũ), Thành phố Thủ Đức, Tp Hồ Chí Minh","33,70 triệu/m²",1 phòng,1 phòng,,Chưa bàn giao,,Hợp đồng mua bán,Chung cư,,46 m²,
"1,25 tỷ",- 125 triệu/m²,125 triệu/m²,2 phòng,2 phòng,Tây,Đã bàn giao,Đông,Sổ hồng riêng,Chung cư,,,
"3,53 tỷ","7A , 7A  đường Thoại Ngọc Hầu, Phường Hòa Thạnh, Quận Tân Phú, Tp Hồ Chí Minh","56,94 triệu/m²",2 phòng,2 phòng,,Đã bàn giao,,Sổ hồng riêng,Chung cư,,62 m²,
"1,70 tỷ","Đường Xa Lộ Hà Nội, Phường Thảo Điền (Quận 2 cũ), Thành phố Thủ Đức, Tp Hồ Chí Minh",170 triệu/m²,2 phòng,1 phòng,,Đã bàn giao,,Sổ hồng riêng,Chung cư,Nội thất đầy đủ,10 m²,
"1,95 tỷ","Đường Nguyễn Xí, Phường 26, Quận Bình Thạnh, Tp Hồ Chí Minh","29,55 triệu/m²",2 phòng,1 phòng,,Đã bàn giao,,Sổ hồng riêng,Chung cư,Nội thất đầy đủ,,
"2,99 tỷ","Đường Hồng Hà, Phường 2, Quận Tân Bình, Tp Hồ Chí Minh","39,87 triệu/m²",2 phòng,2 phòng,,Đã bàn giao,,Hợp đồng mua bán,Chung cư,,75 m²,
"2,99 tỷ","Đường Hồng Hà, Phường 2, Quận Tân Bình, Tp Hồ Chí Minh","39,87 triệu/m²",2 phòng,2 phòng,,Đã bàn giao,,Hợp đồng mua bán,Chung cư,,75 m²,
"3,25 tỷ","Nguyễn Hữu Thọ, Xã Phước Kiển, Huyện Nhà Bè, Tp Hồ Chí Minh","46,43 triệu/m²",2 phòng,2 phòng,,Đã bàn giao,,Hợp đồng mua bán,Chung cư,,70 m²,
"1,12 tỷ",- 16 triệu/m²,16 triệu/m²,2 phòng,2 phòng,Tây,Đã bàn giao,Đông,Sổ hồng riêng,Chung cư,,,
"5,68 tỷ","- 56,80 triệu/m²","56,80 triệu/m²",2 phòng,2 phòng,Đông,Đã bàn giao,Tây,Sổ hồng riêng,Chung cư,,,
"5,20 tỷ","Nguyễn Hữu Thọ, Phường Tân Hưng, Quận 7, Tp Hồ Chí Minh",52 triệu/m²,2 phòng,2 phòng,,Đã bàn giao,,Sổ hồng riêng,Chung cư,Nội thất đầy đủ,,Căn góc
"16,50 tỷ","Đường Nguyễn Hữu Thọ, Phường Tân Hưng, Quận 7, Hồ Chí Minh, Phường Tân Hưng, Quận 7, Tp Hồ Chí Minh","58,10 triệu/m²",3 phòng,2 phòng,,Đã bàn giao,Đông,Sổ hồng riêng,Penthouse,Nội thất cao cấp,,
"1,68 tỷ",- 168 triệu/m²,168 triệu/m²,2 phòng,2 phòng,Đông,Đã bàn giao,,Sổ hồng riêng,Chung cư,Nội thất đầy đủ,,
"1,35 tỷ","47, Hòa Bình, Phường Tân Thới Hòa, Quận Tân Phú, Tp Hồ Chí Minh",135 triệu/m²,2 phòng,1 phòng,,Đã bàn giao,,Sổ hồng riêng,Chung cư,Nội thất đầy đủ,,
"1,68 tỷ","Số 59, Ngô Tất Tố, Phường 21, Quận Bình Thạnh, Tp Hồ Chí Minh","16,15 triệu/m²",2 phòng,2 phòng,,Đã bàn giao,,Sổ hồng riêng,Chung cư,,104 m²,
"1,80 tỷ","Đường Võ Nguyên Giáp, Phường An Phú (Quận 2 cũ), Thành phố Thủ Đức, Tp Hồ Chí Minh",180 triệu/m²,2 phòng,1 phòng,,Đã bàn giao,,Sổ hồng riêng,Chung cư,Nội thất đầy đủ,10 m²,
"7,50 tỷ","- 89,29 triệu/m²","89,29 triệu/m²",2 phòng,2 phòng,Tây Bắc,Đã bàn giao,Đông Nam,Đang chờ sổ,Chung cư,,,
"8,50 tỷ","- 89,47 triệu/m²","89,47 triệu/m²",3 phòng,3 phòng,Tây Bắc,Đã bàn giao,Nam,Hợp đồng mua bán,Chung cư,,,
4 tỷ,- 50 triệu/m²,50 triệu/m²,2 phòng,2 phòng,Đông Nam,Đã bàn giao,Tây Bắc,Sổ hồng riêng,Chung cư,,,
3 tỷ,"Võ Văn Kiệt, Phường An Lạc, Quận Bình Tân, Tp Hồ Chí Minh",40 triệu/m²,2 phòng,2 phòng,,Đã bàn giao,,Hợp đồng mua bán,Chung cư,,75 m²,
"3,25 tỷ","659 Âu Cơ, phường Tân Thành, quận Tân Phú, Tp. HCM., Phường Tân Thành, Quận Tân Phú, Tp Hồ Chí Minh","36,93 triệu/m²",3 phòng,2 phòng,,Đã bàn giao,,Sổ hồng riêng,Chung cư,,88 m²,
"1,76 tỷ","Tân Phú, Phường Tân Phú, Quận 7, Tp Hồ Chí Minh",176 triệu/m²,3 phòng,,,Đã bàn giao,,Sổ hồng riêng,Chung cư,,10 m²,
"1,54 tỷ","Đường Bến Vân Đồn, Phường 6, Quận 4, Tp Hồ Chí Minh",154 triệu/m²,2 phòng,2 phòng,,Đã bàn giao,,Sổ hồng riêng,Chung cư,Hoàn thiện cơ bản,,
"2,33 tỷ","341/13A, Khuông Việt, Phường Phú Trung, Quận Tân Phú, Tp Hồ Chí Minh","46,60 triệu/m²",1 phòng,1 phòng,,Đã bàn giao,,Sổ hồng riêng,Chung cư,,50 m²,
"1,25 tỷ","Đường Võ Văn Kiệt, Phường 3, Quận 6, Tp Hồ Chí Minh","41,67 triệu/m²",2 phòng,2 phòng,,Đã bàn giao,,Sổ hồng riêng,Chung cư,Nội thất đầy đủ,30 m²,
"2,95 tỷ","Nguyễn Xiển, Phường Long Thạnh Mỹ (Quận 9 cũ), Thành phố Thủ Đức, Tp Hồ Chí Minh","35,54 triệu/m²",3 phòng,,,Đã bàn giao,,Sổ hồng riêng,Chung cư,,83 m²,
"2,95 tỷ","Nguyễn Xiển, Phường Long Thạnh Mỹ (Quận 9 cũ), Thành phố Thủ Đức, Tp Hồ Chí Minh","35,54 triệu/m²",3 phòng,,,Đã bàn giao,,Sổ hồng riêng,Chung cư,,83 m²,
"1,76 tỷ","86, Tản Đà, Phường 11, Quận 5, Tp Hồ Chí Minh",176 triệu/m²,2 phòng,2 phòng,,Đã bàn giao,,Sổ hồng riêng,Chung cư,Nội thất cao cấp,,
"1,90 tỷ","- 33,33 triệu/m²","33,33 triệu/m²",2 phòng,2 phòng,Đông Bắc,Đã bàn giao,Tây Nam,Hợp đồng mua bán,Chung cư,,,
"1,85 tỷ","Nguyễn Hữu Cảnh, Phường 22, Quận Bình Thạnh, Tp Hồ Chí Minh",185 triệu/m²,2 phòng,2 phòng,,Đã bàn giao,,Sổ hồng riêng,Chung cư,Nội thất đầy đủ,,
"3,85 tỷ","Đường Phạm Hữu Lầu, Phường Phú Mỹ, Quận 7, Tp Hồ Chí Minh","31,05 triệu/m²",3 phòng,2 phòng,,Đã bàn giao,,Hợp đồng mua bán,Chung cư,,124 m²,
"4,90 tỷ","128, Hồng Hà, Phường 9, Quận Phú Nhuận, Tp Hồ Chí Minh","61,25 triệu/m²",2 phòng,2 phòng,,Đã bàn giao,,Sổ hồng riêng,Chung cư,Nội thất đầy đủ,,
"1,65 tỷ","số 88, N1, Phường Sơn Kỳ, Quận Tân Phú, Tp Hồ Chí Minh",165 triệu/m²,2 phòng,,,Đã bàn giao,,Sổ hồng riêng,Chung cư,,10 m²,
"1,50 tỷ","Tạ Quang Bửu, Phường 5, Quận 8, Tp Hồ Chí Minh","57,69 triệu/m²",1 phòng,1 phòng,,Đã bàn giao,,Hợp đồng mua bán,Chung cư,Hoàn thiện cơ bản,26 m²,
"4,65 tỷ","số 88, N1, Phường Sơn Kỳ, Quận Tân Phú, Tp Hồ Chí Minh","54,71 triệu/m²",2 phòng,2 phòng,,Đã bàn giao,,Hợp đồng mua bán,Chung cư,Hoàn thiện cơ bản,85 m²,
"1,65 tỷ","3/2, Phường 12, Quận 10, Tp Hồ Chí Minh",165 triệu/m²,2 phòng,1 phòng,,Đã bàn giao,,Sổ hồng riêng,Chung cư,Nội thất cao cấp,10 m²,
"1,45 tỷ","224/5, Quốc Lộ 13, Phường 26, Quận Bình Thạnh, Tp Hồ Chí Minh",145 triệu/m²,2 phòng,2 phòng,,Đã bàn giao,,Sổ hồng riêng,Chung cư,Nội thất đầy đủ,,
"3,85 tỷ","Đường Nguyễn Tất Thành, Phường 18, Quận 4, Tp Hồ Chí Minh","48,73 triệu/m²",2 phòng,2 phòng,,Chưa bàn giao,,Sổ hồng riêng,Chung cư,Nội thất cao cấp,79 m²,
"3,50 tỷ","Bến Bình Đông, Phường 14, Quận 8, Tp Hồ Chí Minh","50,72 triệu/m²",2 phòng,2 phòng,,Chưa bàn giao,,Hợp đồng đặt cọc,Chung cư,,69 m²,
"1,45 tỷ","Đường Phạm Thế Hiển, Phường 6, Quận 8, Tp Hồ Chí Minh",145 triệu/m²,2 phòng,2 phòng,,Đã bàn giao,,Sổ hồng riêng,Chung cư,,,
895 triệu,"- 89,50 triệu/m²","89,50 triệu/m²",2 phòng,2 phòng,Đông,Đã bàn giao,Tây,Sổ hồng riêng,Chung cư,,,
"1,43 tỷ","Đường Võ Văn Kiệt, Phường An Lạc, Quận Bình Tân, Tp Hồ Chí Minh",143 triệu/m²,2 phòng,2 phòng,,Đã bàn giao,,Sổ hồng riêng,Chung cư,Hoàn thiện cơ bản,10 m²,
"1,75 tỷ","Đường Nguyễn Xiển, Phường Long Bình (Quận 9 cũ), Thành phố Thủ Đức, Tp Hồ Chí Minh",175 triệu/m²,2 phòng,,,Đã bàn giao,,Sổ hồng riêng,Chung cư,Nội thất đầy đủ,10 m²,
"2,85 tỷ","Số 200, 12, Phường 12, Quận 10, Tp Hồ Chí Minh",285 triệu/m²,2 phòng,2 phòng,,Đã bàn giao,,Sổ hồng riêng,Chung cư,Nội thất đầy đủ,10 m²,
"2,20 tỷ","Nguyễn Xiển, Phường Long Thạnh Mỹ (Quận 9 cũ), Thành phố Thủ Đức, Tp Hồ Chí Minh","37,29 triệu/m²",2 phòng,2 phòng,,Đã bàn giao,,Sổ hồng riêng,Chung cư,,59 m²,
"1,80 tỷ","Xa Lộ Hà Nội, Phường An Phú (Quận 2 cũ), Thành phố Thủ Đức, Tp Hồ Chí Minh",180 triệu/m²,2 phòng,,,Đã bàn giao,,Sổ hồng riêng,Chung cư,,10 m²,
"3,15 tỷ","Đường Vũ Huy Tấn, Phường 3, Quận Bình Thạnh, Tp Hồ Chí Minh","47,58 triệu/m²",2 phòng,,,Đã bàn giao,,Sổ hồng riêng,Chung cư,,66.2 m²,
"2,39 tỷ","Đường Trần Trọng Cung, Phường Tân Thuận Đông, Quận 7, Tp Hồ Chí Minh","44,26 triệu/m²",2 phòng,1 phòng,,Đã bàn giao,,Sổ hồng riêng,Chung cư,,54 m²,
"1,65 tỷ","Xa Lộ Hà Nội, Phường An Phú (Quận 2 cũ), Thành phố Thủ Đức, Tp Hồ Chí Minh","19,19 triệu/m²",2 phòng,2 phòng,,Đã bàn giao,,Sổ hồng riêng,Chung cư,,86 m²,
"1,30 tỷ","- 22,81 triệu/m²","22,81 triệu/m²",2 phòng,2 phòng,Đông Nam,Chưa bàn giao,Tây Bắc,Hợp đồng mua bán,Chung cư,,,
990 triệu,- 99 triệu/m²,99 triệu/m²,2 phòng,2 phòng,Đông,Đã bàn giao,Tây,Sổ hồng riêng,Chung cư,,,
"2,50 tỷ","Nguyễn Xiển, Phường Long Thạnh Mỹ (Quận 9 cũ), Thành phố Thủ Đức, Tp Hồ Chí Minh","37,31 triệu/m²",2 phòng,2 phòng,,Đã bàn giao,,Hợp đồng mua bán,Chung cư,,67 m²,
"1,80 tỷ","Lê Đại Hành, Phường 15, Quận 11, Tp Hồ Chí Minh",180 triệu/m²,2 phòng,2 phòng,,Đã bàn giao,,Sổ hồng riêng,Chung cư,Nội thất đầy đủ,,
"2,35 tỷ","Hồ Học Lãm, Phường An Lạc, Quận Bình Tân, Tp Hồ Chí Minh","30,13 triệu/m²",3 phòng,2 phòng,,Chưa bàn giao,Tây,Sổ hồng riêng,Chung cư,Hoàn thiện cơ bản,,
"1,40 tỷ","Nguyễn Xiển, Phường Long Thạnh Mỹ (Quận 9 cũ), Thành phố Thủ Đức, Tp Hồ Chí Minh","35,90 triệu/m²",1 phòng,1 phòng,,Đã bàn giao,,Sổ hồng riêng,Chung cư,Hoàn thiện cơ bản,39 m²,
"1,46 tỷ","Đường Võ Văn Kiệt, Phường 16, Quận 8, Tp Hồ Chí Minh",146 triệu/m²,2 phòng,2 phòng,,Đã bàn giao,,Sổ hồng riêng,Chung cư,Nội thất đầy đủ,10 m²,
"2,37 tỷ","239 – 241 – 278 , Hòa Bình, Phường Hiệp Tân, Quận Tân Phú, Tp Hồ Chí Minh","44,72 triệu/m²",2 phòng,,,Đã bàn giao,,Hợp đồng mua bán,Chung cư,,53 m²,
"6,10 tỷ","Nguyễn Hữu Thọ, Phường Tân Hưng, Quận 7, Tp Hồ Chí Minh","54,46 triệu/m²",3 phòng,2 phòng,,Đã bàn giao,,Sổ hồng riêng,Chung cư,,112 m²,Căn góc
"1,98 tỷ","Nguyễn Xiển, Phường Long Thạnh Mỹ (Quận 9 cũ), Thành phố Thủ Đức, Tp Hồ Chí Minh","38,08 triệu/m²",1 phòng,1 phòng,,Đã bàn giao,,Sổ hồng riêng,Chung cư,,52 m²,
"1,29 tỷ","Nguyễn Xiển, Phường Long Thạnh Mỹ (Quận 9 cũ), Thành phố Thủ Đức, Tp Hồ Chí Minh",129 triệu/m²,3 phòng,,,Đã bàn giao,,Sổ hồng riêng,Chung cư,,10 m²,
"1,77 tỷ",- 177 triệu/m²,177 triệu/m²,2 phòng,2 phòng,Tây,Đã bàn giao,Đông,,,,,
"1,55 tỷ","47, Tân Thới Hòa, Phường Tân Thới Hòa, Quận Tân Phú, Tp Hồ Chí Minh",31 triệu/m²,2 phòng,2 phòng,,Đã bàn giao,,Sổ hồng riêng,Chung cư,Nội thất đầy đủ,50 m²,
"1,60 tỷ","Hồ Học Lãm, Phường An Lạc, Quận Bình Tân, Tp Hồ Chí Minh","28,07 triệu/m²",2 phòng,2 phòng,,Đã bàn giao,,Hợp đồng mua bán,Chung cư,,57 m²,
"1,70 tỷ","- 32,69 triệu/m²","32,69 triệu/m²",2 phòng,1 phòng,Tây Bắc,Đã bàn giao,Đông Nam,Hợp đồng mua bán,Chung cư,,,
"2,85 tỷ","Số 1, Phường Trường Thọ (Quận Thủ Đức cũ), Thành phố Thủ Đức, Tp Hồ Chí Minh","41,91 triệu/m²",2 phòng,2 phòng,,Đã bàn giao,,Hợp đồng mua bán,Chung cư,,68 m²,
"1,60 tỷ","113, Trương Đình Hội, Phường 16, Quận 8, Tp Hồ Chí Minh","21,62 triệu/m²",2 phòng,2 phòng,,Đã bàn giao,,Hợp đồng mua bán,Chung cư,Nội thất đầy đủ,74 m²,
"2,85 tỷ","Số 1, Phường Trường Thọ (Quận Thủ Đức cũ), Thành phố Thủ Đức, Tp Hồ Chí Minh","41,91 triệu/m²",2 phòng,2 phòng,,Đã bàn giao,,Hợp đồng mua bán,Chung cư,,68 m²,
"1,60 tỷ","113, Trương Đình Hội, Phường 16, Quận 8, Tp Hồ Chí Minh","21,62 triệu/m²",2 phòng,2 phòng,,Đã bàn giao,,Hợp đồng mua bán,Chung cư,Nội thất đầy đủ,74 m²,
"1,30 tỷ","Đường Quốc lộ 1, Xã Bình Chánh, Huyện Bình Chánh, Tp Hồ Chí Minh","23,64 triệu/m²",2 phòng,,,Chưa bàn giao,,Đang chờ sổ,Chung cư,,55 m²,
"10,50 tỷ","91 Nguyễn Hữu Cảnh, Nguyễn Hữu Cảnh, Phường 22, Quận Bình Thạnh, Tp Hồ Chí Minh","63,64 triệu/m²",3 phòng,2 phòng,,Đã bàn giao,,Sổ hồng riêng,Chung cư,Nội thất cao cấp,165 m²,
"1,65 tỷ","Đường Đào Trí, Phường Phú Thuận, Quận 7, Tp Hồ Chí Minh",30 triệu/m²,2 phòng,2 phòng,,Đã bàn giao,,Sổ hồng riêng,Chung cư,Nội thất đầy đủ,55 m²,
"1,85 tỷ","15B, Phường Phú Mỹ, Quận 7, Tp Hồ Chí Minh","37,76 triệu/m²",1 phòng,1 phòng,,Chưa bàn giao,,Hợp đồng mua bán,Chung cư,Nội thất cao cấp,49 m²,
"6,30 tỷ","Nguyễn Hữu Cảnh, Phường 22, Quận Bình Thạnh, Tp Hồ Chí Minh","74,12 triệu/m²",2 phòng,2 phòng,,Đã bàn giao,,Sổ hồng riêng,Chung cư,Nội thất cao cấp,,Căn góc
"1,65 tỷ","Đường Điện Biên Phủ, Phường 25, Quận Bình Thạnh, Tp Hồ Chí Minh",165 triệu/m²,2 phòng,2 phòng,,Đã bàn giao,,Sổ hồng riêng,Chung cư,Nội thất đầy đủ,10 m²,
"2,08 tỷ","Nguyễn Xiển, Phường Long Thạnh Mỹ (Quận 9 cũ), Thành phố Thủ Đức, Tp Hồ Chí Minh","44,21 triệu/m²",1 phòng,1 phòng,,Đã bàn giao,,Hợp đồng mua bán,Chung cư,,47 m²,
"3,70 tỷ","196, Cao Lỗ, Phường 4, Quận 8, Tp Hồ Chí Minh","43,53 triệu/m²",3 phòng,2 phòng,,Đã bàn giao,,Hợp đồng mua bán,Chung cư,Nội thất đầy đủ,85 m²,
"3,35 tỷ","số 88, N1, Phường Sơn Kỳ, Quận Tân Phú, Tp Hồ Chí Minh","39,41 triệu/m²",3 phòng,2 phòng,,Đã bàn giao,,Sổ hồng riêng,Chung cư,Hoàn thiện cơ bản,85 m²,
"1,65 tỷ",- 165 triệu/m²,165 triệu/m²,3 phòng,3 phòng,Tây,Đã bàn giao,Đông Nam,,,,,
3 tỷ,"- 49,18 triệu/m²","49,18 triệu/m²",2 phòng,1 phòng,Bắc,Chưa bàn giao,Nam,Hợp đồng mua bán,Chung cư,,,
"3,36 tỷ","- 42,01 triệu/m²","42,01 triệu/m²",2 phòng,2 phòng,Bắc,Chưa bàn giao,Nam,,Chung cư,,,
"3,10 tỷ","- 43,06 triệu/m²","43,06 triệu/m²",2 phòng,2 phòng,Bắc,Chưa bàn giao,Nam,,Chung cư,,,
"3,05 tỷ","- 40,67 triệu/m²","40,67 triệu/m²",2 phòng,2 phòng,Đông,Đã bàn giao,Tây,Sổ hồng riêng,Chung cư,,,
"1,40 tỷ","Nguyễn Văn Linh, Phường Tân Phong, Quận 7, Tp Hồ Chí Minh","51,85 triệu/m²",1 phòng,1 phòng,,Đã bàn giao,,Hợp đồng mua bán,Chung cư,Hoàn thiện cơ bản,27 m²,
"1,65 tỷ",- 33 triệu/m²,33 triệu/m²,2 phòng,,Đông Nam,Đã bàn giao,Tây,Sổ hồng riêng,Chung cư,Nội thất đầy đủ,,
"2,25 tỷ","208, Nguyễn Hữu Cảnh, Phường 22, Quận Bình Thạnh, Tp Hồ Chí Minh",225 triệu/m²,2 phòng,2 phòng,,Đã bàn giao,,Đang chờ sổ,Chung cư,Nội thất đầy đủ,,
"2,55 tỷ","Võ Văn Kiệt, Phường 16, Quận 8, Tp Hồ Chí Minh","35,42 triệu/m²",2 phòng,2 phòng,,Đã bàn giao,,Hợp đồng mua bán,Chung cư,,72 m²,
"3,75 tỷ",Tân Kỳ Tân Quý,"45,18 triệu/m²",3 phòng,2 phòng,,Đã bàn giao,,Sổ hồng riêng,Chung cư,,83 m²,Căn góc
"7,90 tỷ","91  Nguyễn Hữu Cảnh, Nguyễn Hữu Cảnh, Phường 22, Quận Bình Thạnh, Tp Hồ Chí Minh","60,31 triệu/m²",3 phòng,,,Đã bàn giao,Đông Nam,Sổ hồng riêng,Chung cư,,131 m²,Căn góc
"2,30 tỷ","Nguyễn Văn Linh, Xã Phong Phú, Huyện Bình Chánh, Tp Hồ Chí Minh","30,26 triệu/m²",2 phòng,2 phòng,,Đã bàn giao,,Sổ hồng riêng,Chung cư,Nội thất đầy đủ,76 m²,
"6,40 tỷ","Nguyễn Hữu Cảnh, Phường 22, Quận Bình Thạnh, Tp Hồ Chí Minh","63,37 triệu/m²",3 phòng,2 phòng,,Đã bàn giao,,Sổ hồng riêng,Chung cư,,101 m²,
"1,99 tỷ","13E, Nguyễn Văn Linh, Xã Phong Phú, Huyện Bình Chánh, Tp Hồ Chí Minh","25,51 triệu/m²",3 phòng,3 phòng,,Chưa bàn giao,,Hợp đồng mua bán,Chung cư,,78 m²,
"1,42 tỷ","13E, Nguyễn Văn Linh, Xã Phong Phú, Huyện Bình Chánh, Tp Hồ Chí Minh","28,40 triệu/m²",2 phòng,2 phòng,,Đã bàn giao,,Hợp đồng mua bán,Chung cư,Hoàn thiện cơ bản,50 m²,
"7,30 tỷ","Lô P5, Nguyễn Lương Bằng, Phường Tân Phú, Quận 7, Tp Hồ Chí Minh","74,49 triệu/m²",3 phòng,,,Chưa bàn giao,,Sổ hồng riêng,Chung cư,,98 m²,
"5,20 tỷ","số 88, N1, Phường Sơn Kỳ, Quận Tân Phú, Tp Hồ Chí Minh","40,94 triệu/m²",3 phòng,3 phòng,,Đã bàn giao,,Hợp đồng mua bán,Duplex,Nội thất đầy đủ,127 m²,
"3,05 tỷ","Nguyễn Xiển, Phường Long Thạnh Mỹ (Quận 9 cũ), Thành phố Thủ Đức, Tp Hồ Chí Minh","37,42 triệu/m²",3 phòng,2 phòng,,Đã bàn giao,Đông Nam,,Chung cư,,,
"2,20 tỷ","Nguyễn Thị Búp, Phường Hiệp Thành, Quận 12, Tp Hồ Chí Minh","37,29 triệu/m²",2 phòng,,,Đã bàn giao,,Sổ hồng riêng,Chung cư,Nội thất đầy đủ,59 m²,
"2,80 tỷ","số 88, N1, Phường Sơn Kỳ, Quận Tân Phú, Tp Hồ Chí Minh","52,83 triệu/m²",1 phòng,1 phòng,,Đã bàn giao,,Hợp đồng mua bán,Chung cư,,53 m²,
"2,70 tỷ",- 45 triệu/m²,45 triệu/m²,2 phòng,2 phòng,Tây Bắc,Đã bàn giao,Tây Nam,1,Chung cư,,,
"6,10 tỷ","- 50,83 triệu/m²","50,83 triệu/m²",3 phòng,2 phòng,Nam,Đã bàn giao,Tây,Sổ hồng riêng,Chung cư,,,
"3,15 tỷ","523A, Đỗ Xuân Hợp, Phường Phước Long B (Quận 9 cũ), Thành phố Thủ Đức, Tp Hồ Chí Minh",45 triệu/m²,2 phòng,2 phòng,,Đã bàn giao,,Sổ hồng riêng,Chung cư,Nội thất cao cấp,70 m²,
"2,59 tỷ","Võ Văn Kiệt, Phường An Lạc, Quận Bình Tân, Tp Hồ Chí Minh","46,25 triệu/m²",2 phòng,1 phòng,,Đã bàn giao,,Sổ hồng riêng,Chung cư,Hoàn thiện cơ bản,56 m²,
"4,37 tỷ","Lương Định Của, Phường An Khánh (Quận 2 cũ), Thành phố Thủ Đức, Tp Hồ Chí Minh","57,53 triệu/m²",2 phòng,2 phòng,,Đã bàn giao,Đông Nam,Đang chờ sổ,Chung cư,Hoàn thiện cơ bản,,
"2,37 tỷ","Trịnh Quang Nghị, Xã Phong Phú, Huyện Bình Chánh, Tp Hồ Chí Minh","36,46 triệu/m²",2 phòng,2 phòng,,Đã bàn giao,,Sổ hồng riêng,Chung cư,Nội thất đầy đủ,65 m²,
"1,75 tỷ","102, Phan Văn Hớn, Phường Tân Thới Nhất, Quận 12, Tp Hồ Chí Minh","31,82 triệu/m²",2 phòng,1 phòng,,Đã bàn giao,,Đang chờ sổ,Chung cư,Nội thất đầy đủ,,
3 tỷ,- 40 triệu/m²,40 triệu/m²,3 phòng,1 phòng,Đông,Đã bàn giao,Tây,,,,,
"2,18 tỷ","Nguyễn Thị Búp, Phường Hiệp Thành, Quận 12, Tp Hồ Chí Minh","36,95 triệu/m²",2 phòng,2 phòng,,Đã bàn giao,,Sổ hồng riêng,Chung cư,,59 m²,
"2,18 tỷ","Nguyễn Thị Búp, Phường Hiệp Thành, Quận 12, Tp Hồ Chí Minh","36,95 triệu/m²",2 phòng,2 phòng,,Đã bàn giao,,Sổ hồng riêng,Chung cư,,59 m²,
"4,30 tỷ","Đường Nguyễn Văn Linh, xã Bình Hưng, huyện Bình Chánh, Tp.HCM, Xã Bình Hưng, Huyện Bình Chánh, Tp Hồ Chí Minh","45,26 triệu/m²",3 phòng,2 phòng,,Đã bàn giao,,Hợp đồng mua bán,Chung cư,Hoàn thiện cơ bản,,Căn góc
7 tỷ,"Tân Phong, Phường Tân Phong, Quận 7, Tp Hồ Chí Minh","59,32 triệu/m²",3 phòng,2 phòng,,Đã bàn giao,,Sổ hồng riêng,Chung cư,,118 m²,
"2,35 tỷ","Trịnh Quang Nghị, Xã Phong Phú, Huyện Bình Chánh, Tp Hồ Chí Minh","33,57 triệu/m²",2 phòng,2 phòng,,Đã bàn giao,,Sổ hồng riêng,Chung cư,Hoàn thiện cơ bản,70 m²,
"1,90 tỷ","D6, Phường Bình Chiểu (Quận Thủ Đức cũ), Thành phố Thủ Đức, Tp Hồ Chí Minh","35,32 triệu/m²",2 phòng,,,Đã bàn giao,Đông Nam,Sổ hồng riêng,Chung cư,,53.8 m²,
"2,10 tỷ","D6, Phường Bình Chiểu (Quận Thủ Đức cũ), Thành phố Thủ Đức, Tp Hồ Chí Minh",30 triệu/m²,2 phòng,2 phòng,,Chưa bàn giao,Đông Bắc,Sổ hồng riêng,Chung cư,,70 m²,
"3,20 tỷ","Tạ Quang Bửu, Phường 6, Quận 8, Tp Hồ Chí Minh","47,06 triệu/m²",2 phòng,2 phòng,,Đã bàn giao,,Sổ hồng riêng,Chung cư,,68 m²,
"1,30 tỷ","996, Tạ Quang Bửu, Phường 6, Quận 8, Tp Hồ Chí Minh",52 triệu/m²,1 phòng,1 phòng,,Đã bàn giao,,Hợp đồng mua bán,Officetel,,25 m²,
"3,40 tỷ","- 27,87 triệu/m²","27,87 triệu/m²",3 phòng,2 phòng,Đông Nam,Đã bàn giao,Tây Bắc,,Chung cư,,,
"1,35 tỷ",- 25 triệu/m²,25 triệu/m²,2 phòng,2 phòng,Đông,Chưa bàn giao,Đông,Đang chờ sổ,Chung cư,,,
"2,30 tỷ","- 32,86 triệu/m²","32,86 triệu/m²",2 phòng,2 phòng,Tây Bắc,Chưa bàn giao,Đông Nam,Sổ hồng riêng,Chung cư,,,
"2,70 tỷ","Đường Tô Ngọc Vân, Phường Tam Bình (Quận Thủ Đức cũ), Thành phố Thủ Đức, Tp Hồ Chí Minh","31,40 triệu/m²",2 phòng,2 phòng,,Chưa bàn giao,,Hợp đồng mua bán,Chung cư,Hoàn thiện cơ bản,,Căn góc
"4,07 tỷ","- 50,85 triệu/m²","50,85 triệu/m²",2 phòng,2 phòng,Bắc,Đã bàn giao,Nam,,Chung cư,,,
"2,43 tỷ",- 45 triệu/m²,45 triệu/m²,2 phòng,2 phòng,Đông Nam,Chưa bàn giao,Tây Bắc,,,,,
"7,40 tỷ","Nguyễn Lương Bằng, Phường Tân Phú, Quận 7, Tp Hồ Chí Minh","64,91 triệu/m²",3 phòng,,,Đã bàn giao,,Sổ hồng riêng,Chung cư,,114 m²,
"3,10 tỷ","Võ Văn Kiệt, Phường An Lạc, Quận Bình Tân, Tp Hồ Chí Minh","41,33 triệu/m²",2 phòng,2 phòng,,Đã bàn giao,,Sổ hồng riêng,Chung cư,,75 m²,
"1,30 tỷ","996, Tạ Quang Bửu, Phường 6, Quận 8, Tp Hồ Chí Minh",52 triệu/m²,1 phòng,1 phòng,,Đã bàn giao,,Sổ hồng riêng,Officetel,Hoàn thiện cơ bản,25 m²,
"1,88 tỷ","- 29,38 triệu/m²","29,38 triệu/m²",2 phòng,2 phòng,Tây Bắc,Đã bàn giao,Đông Nam,,,,,
"1,40 tỷ","Đường Nguyễn Văn Linh, Phường Tân Phong, Quận 7, Tp Hồ Chí Minh",50 triệu/m²,2 phòng,1 phòng,,Đã bàn giao,,Sổ hồng riêng,Chung cư,,28 m²,
"2,70 tỷ","Nguyễn Xiển, Phường Long Bình (Quận 9 cũ), Thành phố Thủ Đức, Tp Hồ Chí Minh","46,55 triệu/m²",2 phòng,1 phòng,,Chưa bàn giao,,Hợp đồng mua bán,Chung cư,Hoàn thiện cơ bản,58 m²,
"3,85 tỷ","- 37,02 triệu/m²","37,02 triệu/m²",3 phòng,2 phòng,Tây Bắc,Đã bàn giao,Đông Nam,1,Chung cư,,,
"3,75 tỷ","số 88, N1, Phường Sơn Kỳ, Quận Tân Phú, Tp Hồ Chí Minh","52,82 triệu/m²",2 phòng,2 phòng,,Đã bàn giao,,Hợp đồng mua bán,Chung cư,,71 m²,
"1,92 tỷ","119, Bình Long, Phường Bình Hưng Hoà A, Quận Bình Tân, Tp Hồ Chí Minh","29,54 triệu/m²",2 phòng,2 phòng,,Đã bàn giao,,Hợp đồng mua bán,Chung cư,,65 m²,
"3,45 tỷ","- 48,59 triệu/m²","48,59 triệu/m²",2 phòng,2 phòng,Tây Nam,Đã bàn giao,Đông Bắc,Sổ hồng riêng,Chung cư,,,
"2,30 tỷ","- 34,33 triệu/m²","34,33 triệu/m²",2 phòng,,Tây Bắc,Đã bàn giao,,Sổ hồng riêng,Chung cư,,67 m²,
"2,48 tỷ","Nguyễn Xiển, Phường Long Thạnh Mỹ (Quận 9 cũ), Thành phố Thủ Đức, Tp Hồ Chí Minh","37,01 triệu/m²",2 phòng,2 phòng,,Đã bàn giao,,Hợp đồng mua bán,Chung cư,,67 m²,
"1,80 tỷ","- 20,22 triệu/m²","20,22 triệu/m²",2 phòng,2 phòng,Tây Bắc,Chưa bàn giao,Đông Nam,Sổ hồng riêng,Chung cư,,,
"2,35 tỷ","Trịnh Quang Nghị, Xã Phong Phú, Huyện Bình Chánh, Tp Hồ Chí Minh","33,57 triệu/m²",2 phòng,2 phòng,,Đã bàn giao,,Sổ hồng riêng,Chung cư,Hoàn thiện cơ bản,70 m²,
"5,40 tỷ","Nguyễn Hữu Thọ, Phường Tân Hưng, Quận 7, Tp Hồ Chí Minh",54 triệu/m²,2 phòng,2 phòng,,Đã bàn giao,,Sổ hồng riêng,Chung cư,,100 m²,
"2,90 tỷ","Nguyễn Hữu Thọ, Xã Phước Kiển, Huyện Nhà Bè, Tp Hồ Chí Minh","32,95 triệu/m²",2 phòng,2 phòng,,Đã bàn giao,,Sổ hồng riêng,Chung cư,,88 m²,
"4,50 tỷ","Đường Nguyễn Hữu Thọ, Xã Phước Kiển, Huyện Nhà Bè, Tp Hồ Chí Minh","54,22 triệu/m²",3 phòng,2 phòng,,Đã bàn giao,,Hợp đồng mua bán,Chung cư,Nội thất đầy đủ,,
"7,60 tỷ","Tân Phong, Phường Tân Phong, Quận 7, Tp Hồ Chí Minh","71,97 triệu/m²",3 phòng,,,Đã bàn giao,,Sổ hồng riêng,Chung cư,,105.6 m²,
"2,90 tỷ","Số 243, Tân Hòa Đông, Phường 14, Quận 6, Tp Hồ Chí Minh","37,18 triệu/m²",3 phòng,2 phòng,,Đã bàn giao,,Sổ hồng riêng,Chung cư,,78 m²,
"3,15 tỷ","996, Tạ Quang Bửu, Phường 6, Quận 8, Tp Hồ Chí Minh","50,81 triệu/m²",2 phòng,1 phòng,,Đã bàn giao,,Sổ hồng riêng,Chung cư,,62 m²,
"3,70 tỷ","Số 207, Nguyễn Xí, Phường 26, Quận Bình Thạnh, Tp Hồ Chí Minh","51,39 triệu/m²",2 phòng,2 phòng,,Đã bàn giao,,Hợp đồng mua bán,Chung cư,,72 m²,
"3,80 tỷ","11, Phường 11, Quận 6, Tp Hồ Chí Minh","39,18 triệu/m²",2 phòng,2 phòng,,Đã bàn giao,,Sổ hồng riêng,Chung cư,Nội thất đầy đủ,97 m²,
"3,60 tỷ","Đường Võ Văn Kiệt, Phường An Lạc A, Quận Bình Tân, Tp Hồ Chí Minh",45 triệu/m²,2 phòng,,,Chưa bàn giao,,Hợp đồng mua bán,Chung cư,,80 m²,
"2,70 tỷ","Vũ Huy Tấn, Phường 3, Quận Bình Thạnh, Tp Hồ Chí Minh",50 triệu/m²,2 phòng,1 phòng,,Đã bàn giao,,Sổ hồng riêng,Chung cư,,54 m²,
"2,52 tỷ","262/13, Lũy Bán Bích, Phường Hòa Thạnh, Quận Tân Phú, Tp Hồ Chí Minh","33,60 triệu/m²",2 phòng,2 phòng,,Đã bàn giao,,Hợp đồng mua bán,Chung cư,,75 m²,
"8,80 tỷ","Số 200, 12, Phường 12, Quận 10, Tp Hồ Chí Minh","82,24 triệu/m²",3 phòng,2 phòng,,Đã bàn giao,,Sổ hồng riêng,Chung cư,Nội thất cao cấp,107 m²,
52 tỷ,"Đường Trần Thị Cờ, Phường Thới An, Quận 12, Tp Hồ Chí Minh","86,67 triệu/m²",nhiều hơn 10 phòng,Nhiều hơn 6 phòng,,Chưa bàn giao,,Sổ hồng riêng,"Căn hộ dịch vụ, mini",,600 m²,
"3,35 tỷ","Võ Văn Kiệt, Phường An Lạc, Quận Bình Tân, Tp Hồ Chí Minh","44,65 triệu/m²",2 phòng,2 phòng,,Chưa bàn giao,,Sổ hồng riêng,Chung cư,Nội thất đầy đủ,75 m²,
"2,13 tỷ","20, Phường Hiệp Bình Chánh (Quận Thủ Đức cũ), Thành phố Thủ Đức, Tp Hồ Chí Minh","212,50 triệu/m²",2 phòng,2 phòng,,Đã bàn giao,,Sổ hồng riêng,Chung cư,Nội thất đầy đủ,10 m²,
"1,88 tỷ","Số 207, Nguyễn Xí, Phường 26, Quận Bình Thạnh, Tp Hồ Chí Minh","187,50 triệu/m²",2 phòng,2 phòng,,Đã bàn giao,,Sổ hồng riêng,Chung cư,Nội thất đầy đủ,10 m²,
"2,83 tỷ","Xa Lộ Hà Nội, Phường Thảo Điền (Quận 2 cũ), Thành phố Thủ Đức, Tp Hồ Chí Minh","282,50 triệu/m²",2 phòng,2 phòng,,Đã bàn giao,,Sổ hồng riêng,Chung cư,Nội thất đầy đủ,10 m²,
"2,15 tỷ","số 88, N1, Phường Sơn Kỳ, Quận Tân Phú, Tp Hồ Chí Minh","215,50 triệu/m²",2 phòng,2 phòng,,Đã bàn giao,,Sổ hồng riêng,Chung cư,Nội thất đầy đủ,10 m²,
"1,42 tỷ","số 1A, Tạ Quang Bửu, Phường 6, Quận 8, Tp Hồ Chí Minh","17,47 triệu/m²",2 phòng,2 phòng,,Đã bàn giao,,Sổ hồng riêng,Chung cư,Nội thất đầy đủ,81 m²,
"1,36 tỷ","Đường Phan Văn Trị, Phường 10, Quận Gò Vấp, Tp Hồ Chí Minh","45,33 triệu/m²",2 phòng,2 phòng,,Đã bàn giao,,Sổ hồng riêng,Chung cư,,30 m²,
"1,47 tỷ","Đường số 20, Phường Hiệp Bình Chánh (Quận Thủ Đức cũ), Thành phố Thủ Đức, Tp Hồ Chí Minh",49 triệu/m²,2 phòng,2 phòng,,Đã bàn giao,,Sổ hồng riêng,Chung cư,,30 m²,
"1,51 tỷ","Đường Thành Thái, Phường 14, Quận 10, Tp Hồ Chí Minh","50,33 triệu/m²",2 phòng,2 phòng,,Đã bàn giao,,Sổ hồng riêng,Chung cư,,30 m²,
"2,20 tỷ","Đường Võ Văn Kiệt, Phường 16, Quận 8, Tp Hồ Chí Minh","30,14 triệu/m²",2 phòng,2 phòng,,Đã bàn giao,,Hợp đồng mua bán,Chung cư,,73 m²,
"2,29 tỷ","- 44,90 triệu/m²","44,90 triệu/m²",1 phòng,1 phòng,Tây Bắc,Đã bàn giao,Đông Nam,Sổ hồng riêng,Chung cư,,,
"1,64 tỷ","Đường Lữ Gia, Phường 15, Quận 11, Tp Hồ Chí Minh","23,43 triệu/m²",2 phòng,2 phòng,,Đã bàn giao,,Sổ hồng riêng,Chung cư,,70 m²,
"1,52 tỷ","Đường Phan Văn Trị, Phường 10, Quận Gò Vấp, Tp Hồ Chí Minh",38 triệu/m²,2 phòng,2 phòng,,Đã bàn giao,,Sổ hồng riêng,Chung cư,,40 m²,
"3,30 tỷ","- 54,47 triệu/m²","54,47 triệu/m²",2 phòng,1 phòng,Đông Nam,Đã bàn giao,Tây Bắc,Hợp đồng mua bán,Chung cư,,,
"5,30 tỷ","370, Nguyễn Văn Quỳ, Phường Phú Thuận, Quận 7, Tp Hồ Chí Minh","36,55 triệu/m²",3 phòng,3 phòng,,Đã bàn giao,,Sổ hồng riêng,Duplex,Hoàn thiện cơ bản,145 m²,
"2,59 tỷ","37, Huỳnh Thiện Lộc, Phường Hòa Thạnh, Quận Tân Phú, Tp Hồ Chí Minh","33,21 triệu/m²",2 phòng,2 phòng,,Đã bàn giao,,Sổ hồng riêng,Chung cư,,78 m²,
4 tỷ,"Đỗ Xuân Hợp, Phường Phước Long B (Quận 9 cũ), Thành phố Thủ Đức, Tp Hồ Chí Minh","45,45 triệu/m²",3 phòng,2 phòng,,Chưa bàn giao,Tây Nam,Sổ hồng riêng,Chung cư,,88 m²,
"1,58 tỷ","Đường Nguyễn Văn Linh, Xã Bình Hưng, Huyện Bình Chánh, Tp Hồ Chí Minh","26,33 triệu/m²",2 phòng,2 phòng,,Chưa bàn giao,,Đang chờ sổ,Chung cư,Hoàn thiện cơ bản,,
"5,40 tỷ","334, Tô Hiến Thành, Phường 14, Quận 10, Tp Hồ Chí Minh","73,97 triệu/m²",2 phòng,2 phòng,,Đã bàn giao,,Đang chờ sổ,Chung cư,,73 m²,
"6,50 tỷ",346 Đường Bến Vân Đồn,"55,56 triệu/m²",3 phòng,2 phòng,,Đã bàn giao,,Hợp đồng mua bán,Chung cư,,117 m²,
"3,20 tỷ","Võ Văn Kiệt, Phường An Lạc, Quận Bình Tân, Tp Hồ Chí Minh","42,67 triệu/m²",2 phòng,2 phòng,,Đã bàn giao,,Sổ hồng riêng,Chung cư,,75 m²,
3 tỷ,"Số 102, Bình Thọ, Phường Bình Thọ (Quận Thủ Đức cũ), Thành phố Thủ Đức, Tp Hồ Chí Minh","42,86 triệu/m²",2 phòng,2 phòng,,Đã bàn giao,,Hợp đồng mua bán,Chung cư,,70 m²,
"2,50 tỷ","370, Nguyễn Văn Quỳ, Phường Phú Thuận, Quận 7, Tp Hồ Chí Minh","40,32 triệu/m²",2 phòng,2 phòng,,Đã bàn giao,,Sổ hồng riêng,Chung cư,Hoàn thiện cơ bản,62 m²,
"2,60 tỷ","370, Nguyễn Văn Quỳ, Phường Phú Thuận, Quận 7, Tp Hồ Chí Minh","38,24 triệu/m²",2 phòng,2 phòng,,Đã bàn giao,,Sổ hồng riêng,Chung cư,,68 m²,
"2,68 tỷ","Đường Trần Kế Xương, Phường 7, Quận Phú Nhuận, Tp Hồ Chí Minh","36,71 triệu/m²",2 phòng,1 phòng,,Đã bàn giao,,Sổ hồng riêng,Chung cư,,,
"1,90 tỷ","Đường Bình Chiểu, Phường Bình Chiểu, Quận Thủ Đức, TP Hồ Chí Minh, Phường Bình Chiểu (Quận Thủ Đức cũ), Thành phố Thủ Đức, Tp Hồ Chí Minh","30,16 triệu/m²",2 phòng,2 phòng,,Đã bàn giao,,Sổ hồng riêng,Chung cư,Hoàn thiện cơ bản,63 m²,
"2,50 tỷ","Số 102, Bình Thọ, Phường Bình Thọ (Quận Thủ Đức cũ), Thành phố Thủ Đức, Tp Hồ Chí Minh","47,17 triệu/m²",1 phòng,1 phòng,,Đã bàn giao,,Hợp đồng mua bán,Chung cư,,53 m²,
"2,20 tỷ","số 88, N1, Phường Sơn Kỳ, Quận Tân Phú, Tp Hồ Chí Minh","30,14 triệu/m²",2 phòng,,,Đã bàn giao,,Đang chờ sổ,Chung cư,,73 m²,Căn góc
"1,15 tỷ","- 28,75 triệu/m²","28,75 triệu/m²",1 phòng,1 phòng,Nam,Chưa bàn giao,Bắc,Đang chờ sổ,Chung cư,,,
"2,52 tỷ","Lô 5, Bình Hưng Hòa B, Phường Bình Hưng Hoà B, Quận Bình Tân, Tp Hồ Chí Minh","25,71 triệu/m²",3 phòng,2 phòng,,Đã bàn giao,,Sổ hồng riêng,Chung cư,,98 m²,
"2,40 tỷ","Lô 5, Bình Hưng Hòa B, Phường Bình Hưng Hoà B, Quận Bình Tân, Tp Hồ Chí Minh","27,27 triệu/m²",3 phòng,2 phòng,,Đã bàn giao,,Sổ hồng riêng,Chung cư,Nội thất đầy đủ,,
"2,65 tỷ","33, Phan Huy Ích, Phường 15, Quận Tân Bình, Tp Hồ Chí Minh","33,13 triệu/m²",2 phòng,2 phòng,,Chưa bàn giao,,Hợp đồng mua bán,Chung cư,,80 m²,
13 tỷ,"A28-29 Duplex , Lý thường kiệt, Phường 14, Quận 10, Tp Hồ Chí Minh","78,96 triệu/m²",3 phòng,,,Chưa bàn giao,,Hợp đồng mua bán,Duplex,,164.65 m²,Căn góc
"4,20 tỷ","Số 383, Bình Trưng Tây, Phường Bình Trưng Tây (Quận 2 cũ), Thành phố Thủ Đức, Tp Hồ Chí Minh",35 triệu/m²,3 phòng,3 phòng,,Đã bàn giao,,Hợp đồng mua bán,Chung cư,,120 m²,
"5,50 tỷ","66, Phường Thảo Điền (Quận 2 cũ), Thành phố Thủ Đức, Tp Hồ Chí Minh","62,50 triệu/m²",2 phòng,2 phòng,,Đã bàn giao,,Sổ hồng riêng,Chung cư,Nội thất đầy đủ,88 m²,
"4,10 tỷ","119, Phổ Quang, Phường 9, Quận Phú Nhuận, Tp Hồ Chí Minh","59,42 triệu/m²",2 phòng,2 phòng,,Đã bàn giao,,Đang chờ sổ,Chung cư,Nội thất đầy đủ,69 m²,
"2,05 tỷ","Khu dân cư 13C, Nguyễn Văn Linh, Xã Phong Phú, Huyện Bình Chánh, Tp Hồ Chí Minh","21,35 triệu/m²",3 phòng,2 phòng,,Đã bàn giao,,Sổ hồng riêng,Chung cư,Nội thất đầy đủ,96 m²,
"3,40 tỷ","Nguyễn Hữu Thọ, Xã Phước Kiển, Huyện Nhà Bè, Tp Hồ Chí Minh","48,57 triệu/m²",2 phòng,2 phòng,,Đã bàn giao,,Hợp đồng mua bán,Chung cư,Nội thất cao cấp,70 m²,
"3,60 tỷ","Nguyễn Văn Linh, Phường Tân Thuận Tây, Quận 7, Tp Hồ Chí Minh","52,17 triệu/m²",2 phòng,2 phòng,,Đã bàn giao,,Hợp đồng mua bán,Chung cư,,69 m²,
"5,20 tỷ","Nguyễn Văn Linh, Phường Tân Thuận Tây, Quận 7, Tp Hồ Chí Minh",65 triệu/m²,3 phòng,2 phòng,,Đã bàn giao,,Hợp đồng mua bán,Chung cư,,80 m²,
"2,12 tỷ","Đường Gò Dưa, Phường Hiệp Bình Phước (Quận Thủ Đức cũ), Thành phố Thủ Đức, Tp Hồ Chí Minh","30,72 triệu/m²",2 phòng,2 phòng,,Chưa bàn giao,,Sổ hồng riêng,Chung cư,,69 m²,
"2,35 tỷ","Đường Nguyễn Thị Búp, Phường Hiệp Thành, Quận 12, Tp Hồ Chí Minh","41,23 triệu/m²",2 phòng,2 phòng,,Đã bàn giao,,Sổ hồng riêng,Chung cư,Nội thất cao cấp,57 m²,
"4,80 tỷ","- 68,18 triệu/m²","68,18 triệu/m²",2 phòng,2 phòng,Bắc,Đã bàn giao,Nam,,,,,
5 tỷ,"15B, Phường Phú Mỹ, Quận 7, Tp Hồ Chí Minh","15,63 triệu/m²",4 phòng,5 phòng,,Đã bàn giao,,Hợp đồng mua bán,Chung cư,Hoàn thiện cơ bản,320 m²,
"4,90 tỷ","15B, Phường Phú Mỹ, Quận 7, Tp Hồ Chí Minh","15,31 triệu/m²",4 phòng,5 phòng,,Đã bàn giao,,Hợp đồng mua bán,Chung cư,Hoàn thiện cơ bản,,
"5,60 tỷ","Khu đô thị Cityland Park Hills - Số 18, Khu đô thị Cityland Park Hills - Số 18 Đường Phan Văn Trị, Phường 10, Quận Gò Vấp, Tp Hồ Chí Minh","48,70 triệu/m²",3 phòng,3 phòng,,Đã bàn giao,Đông Nam,Sổ hồng riêng,Chung cư,,115 m²,
"1,25 tỷ","- 35,71 triệu/m²","35,71 triệu/m²",1 phòng,1 phòng,Đông Nam,Đã bàn giao,Tây Bắc,Hợp đồng mua bán,Officetel,,,
"2,15 tỷ","- 30,71 triệu/m²","30,71 triệu/m²",2 phòng,2 phòng,Tây Bắc,Đã bàn giao,Đông Nam,,Chung cư,,,
"1,72 tỷ","- 33,08 triệu/m²","33,08 triệu/m²",2 phòng,1 phòng,Tây Bắc,Đã bàn giao,Đông Nam,,Chung cư,,,
"2,20 tỷ","- 31,43 triệu/m²","31,43 triệu/m²",2 phòng,2 phòng,Đông Nam,Đã bàn giao,Tây Bắc,Hợp đồng mua bán,Chung cư,,,
"1,30 tỷ","- 37,14 triệu/m²","37,14 triệu/m²",1 phòng,,Đông Nam,Đã bàn giao,Tây Bắc,Đang chờ sổ,Officetel,,,
"1,25 tỷ","- 35,71 triệu/m²","35,71 triệu/m²",1 phòng,1 phòng,Tây Bắc,Đã bàn giao,Đông Nam,,Officetel,,,
1 tỷ,"- 26,32 triệu/m²","26,32 triệu/m²",1 phòng,1 phòng,Đông Bắc,Chưa bàn giao,Tây Nam,Hợp đồng mua bán,Officetel,,,
2 tỷ,"- 35,71 triệu/m²","35,71 triệu/m²",1 phòng,1 phòng,Đông Nam,Đã bàn giao,Tây Bắc,Hợp đồng mua bán,Chung cư,,,
"2,15 tỷ","- 30,71 triệu/m²","30,71 triệu/m²",2 phòng,2 phòng,Đông Nam,Đã bàn giao,Tây Bắc,Hợp đồng mua bán,Chung cư,,,
"1,67 tỷ","- 32,75 triệu/m²","32,75 triệu/m²",1 phòng,1 phòng,Đông Nam,Chưa bàn giao,Tây Bắc,Hợp đồng mua bán,Chung cư,,,
2 tỷ,"Nguyễn Hoàng, Phường An Phú (Quận 2 cũ), Thành phố Thủ Đức, Tp Hồ Chí Minh","37,04 triệu/m²",2 phòng,1 phòng,,Đã bàn giao,,Sổ hồng riêng,Chung cư,Hoàn thiện cơ bản,54 m²,
"2,92 tỷ",Số 4 Đường Đào Trí,40 triệu/m²,2 phòng,2 phòng,,Đã bàn giao,,Hợp đồng mua bán,Chung cư,,73 m²,
"1,61 tỷ","- 29,24 triệu/m²","29,24 triệu/m²",2 phòng,1 phòng,Đông Nam,Chưa bàn giao,Tây Bắc,,,,,
"1,61 tỷ","- 29,24 triệu/m²","29,24 triệu/m²",2 phòng,1 phòng,Đông Nam,Chưa bàn giao,Tây Bắc,,,,,
"2,45 tỷ","1, Phường Tân Định, Quận 1, Tp Hồ Chí Minh","54,44 triệu/m²",1 phòng,,,Chưa bàn giao,,Sổ hồng riêng,Chung cư,,45 m²,
"1,90 tỷ",Đường Xa lộ Hà Nội,"27,94 triệu/m²",2 phòng,2 phòng,,Đã bàn giao,,Hợp đồng mua bán,Chung cư,,68 m²,
"2,80 tỷ","Số 4, Đào Trí, Phường Phú Thuận, Quận 7, Tp Hồ Chí Minh","41,18 triệu/m²",2 phòng,2 phòng,,Đã bàn giao,,Hợp đồng mua bán,Chung cư,,68 m²,
"2,70 tỷ",Số 4 Đường Đào Trí,"39,71 triệu/m²",2 phòng,2 phòng,,Đã bàn giao,,Hợp đồng mua bán,Chung cư,,68 m²,
"2,90 tỷ","Số 102, Bình Thọ, Phường Bình Thọ (Quận Thủ Đức cũ), Thành phố Thủ Đức, Tp Hồ Chí Minh","42,65 triệu/m²",2 phòng,2 phòng,,Đã bàn giao,,Hợp đồng mua bán,Chung cư,,68 m²,
"2,20 tỷ","Số 1, Phường Trường Thọ (Quận Thủ Đức cũ), Thành phố Thủ Đức, Tp Hồ Chí Minh","41,51 triệu/m²",1 phòng,1 phòng,,Đã bàn giao,,Hợp đồng mua bán,Chung cư,,53 m²,
"3,50 tỷ","Số 46/11, Số 46/11 Số 46/11 Nguyễn Cửu Vân, phường 17, quận Bình Thạnh, Tp.HCM, Phường 17, Quận Bình Thạnh, Tp Hồ Chí Minh","54,69 triệu/m²",2 phòng,2 phòng,,Đã bàn giao,Tây Nam,Sổ hồng riêng,Chung cư,,64 m²,
"5,60 tỷ","số 88, N1, Phường Sơn Kỳ, Quận Tân Phú, Tp Hồ Chí Minh",50 triệu/m²,2 phòng,2 phòng,,Đã bàn giao,,Hợp đồng mua bán,Chung cư,,112 m²,
"5,40 tỷ","Nguyễn Văn Linh, Phường Tân Thuận Tây, Quận 7, Tp Hồ Chí Minh","62,07 triệu/m²",3 phòng,2 phòng,,Đã bàn giao,,Hợp đồng mua bán,Chung cư,,87 m²,
7 tỷ,"Số 2225, Số 2225 Đường Phạm Thế Hiển, Phường 6, Quận 8, Tp Hồ Chí Minh","46,36 triệu/m²",2 phòng,3 phòng,,Chưa bàn giao,,Đang chờ sổ,Chung cư,,,
"3,30 tỷ","Phan Chu Trinh, Phường Hiệp Phú (Quận 9 cũ), Thành phố Thủ Đức, Tp Hồ Chí Minh","40,24 triệu/m²",3 phòng,2 phòng,,Đã bàn giao,,Hợp đồng mua bán,Chung cư,,82 m²,
3 tỷ,"Tăng Nhơn Phú, Phường Phước Long B (Quận 9 cũ), Thành phố Thủ Đức, Tp Hồ Chí Minh","34,48 triệu/m²",3 phòng,2 phòng,,Đã bàn giao,,Hợp đồng mua bán,Chung cư,,87 m²,
"2,80 tỷ","Phan Chu Trinh, Phường Hiệp Phú (Quận 9 cũ), Thành phố Thủ Đức, Tp Hồ Chí Minh",50 triệu/m²,2 phòng,1 phòng,,Đã bàn giao,,Hợp đồng mua bán,Chung cư,,56 m²,
"3,60 tỷ","Nguyễn Văn Linh, Phường Tân Thuận Tây, Quận 7, Tp Hồ Chí Minh","52,94 triệu/m²",2 phòng,2 phòng,,Đã bàn giao,,Hợp đồng mua bán,Chung cư,,68 m²,
"2,90 tỷ","Nguyễn Xiển, Phường Long Bình (Quận 9 cũ), Thành phố Thủ Đức, Tp Hồ Chí Minh","48,33 triệu/m²",2 phòng,,,Chưa bàn giao,,Hợp đồng mua bán,Chung cư,,60 m²,
"2,25 tỷ",Số 4 Đường Đào Trí,"42,45 triệu/m²",1 phòng,1 phòng,,Đã bàn giao,,Hợp đồng mua bán,Chung cư,,53 m²,
"1,83 tỷ","- 58,51 triệu/m²","58,51 triệu/m²",1 phòng,1 phòng,Tây Nam,Đã bàn giao,Đông Bắc,Hợp đồng mua bán,Chung cư,,,
"16,80 tỷ","Xa Lộ Hà Nội, Phường Thảo Điền (Quận 2 cũ), Thành phố Thủ Đức, Tp Hồ Chí Minh","115,86 triệu/m²",4 phòng,,,Đã bàn giao,,Sổ hồng riêng,Chung cư,Nội thất đầy đủ,145 m²,
"10,80 tỷ","Xa Lộ Hà Nội, Phường Thảo Điền (Quận 2 cũ), Thành phố Thủ Đức, Tp Hồ Chí Minh","78,26 triệu/m²",4 phòng,3 phòng,,Đã bàn giao,,Sổ hồng riêng,Chung cư,Nội thất đầy đủ,138 m²,
"10,80 tỷ","Xa Lộ Hà Nội, Phường Thảo Điền (Quận 2 cũ), Thành phố Thủ Đức, Tp Hồ Chí Minh","78,26 triệu/m²",4 phòng,3 phòng,,Đã bàn giao,,Sổ hồng riêng,Chung cư,Nội thất đầy đủ,138 m²,
"1,98 tỷ","- 28,29 triệu/m²","28,29 triệu/m²",2 phòng,2 phòng,Tây Bắc,Đã bàn giao,Đông Nam,Sổ hồng riêng,Chung cư,,,
19 tỷ,"Xa Lộ Hà Nội, Phường Thảo Điền (Quận 2 cũ), Thành phố Thủ Đức, Tp Hồ Chí Minh","113,10 triệu/m²",3 phòng,3 phòng,,Đã bàn giao,,Sổ hồng riêng,Duplex,Nội thất đầy đủ,168 m²,
"1,85 tỷ","Nguyễn Thị Định, Phường Cát Lái (Quận 2 cũ), Thành phố Thủ Đức, Tp Hồ Chí Minh","34,91 triệu/m²",2 phòng,,,Đã bàn giao,,Hợp đồng mua bán,Chung cư,,53 m²,
"25,50 tỷ","208, Nguyễn Hữu Cảnh, Phường 22, Quận Bình Thạnh, Tp Hồ Chí Minh","141,67 triệu/m²",4 phòng,4 phòng,,Đã bàn giao,,Sổ hồng riêng,Penthouse,Nội thất cao cấp,,
"2,88 tỷ","Số 1, Phường Trường Thọ (Quận Thủ Đức cũ), Thành phố Thủ Đức, Tp Hồ Chí Minh","42,35 triệu/m²",2 phòng,2 phòng,,Đã bàn giao,,Hợp đồng mua bán,Chung cư,,68 m²,
"2,40 tỷ","Nguyễn Thị Định, Phường Cát Lái (Quận 2 cũ), Thành phố Thủ Đức, Tp Hồ Chí Minh","26,67 triệu/m²",3 phòng,,,Chưa bàn giao,,Hợp đồng mua bán,Chung cư,,90 m²,Căn góc
"2,60 tỷ","Đồng Văn Cống, Phường Cát Lái (Quận 2 cũ), Thành phố Thủ Đức, Tp Hồ Chí Minh","30,59 triệu/m²",3 phòng,,,Đã bàn giao,,Sổ hồng riêng,Chung cư,,85 m²,
"2,30 tỷ","Nguyễn Thị Định, Phường Cát Lái (Quận 2 cũ), Thành phố Thủ Đức, Tp Hồ Chí Minh","37,70 triệu/m²",2 phòng,,,Đã bàn giao,,Sổ hồng riêng,Chung cư,,61 m²,Căn góc
"2,25 tỷ","Số 1, Phường Trường Thọ (Quận Thủ Đức cũ), Thành phố Thủ Đức, Tp Hồ Chí Minh","42,45 triệu/m²",1 phòng,1 phòng,,Đã bàn giao,,Hợp đồng mua bán,Chung cư,,53 m²,
"2,70 tỷ","Số 4, Đào Trí, Phường Phú Thuận, Quận 7, Tp Hồ Chí Minh","39,71 triệu/m²",2 phòng,2 phòng,,Đã bàn giao,,Hợp đồng mua bán,Chung cư,,68 m²,
"1,85 tỷ","16, Phổ Quang, Phường 2, Quận Tân Bình, Tp Hồ Chí Minh","51,39 triệu/m²",1 phòng,1 phòng,,Đã bàn giao,,Hợp đồng mua bán,Officetel,Nội thất cao cấp,36 m²,
"2,60 tỷ","Số 4, Đào Trí, Phường Phú Thuận, Quận 7, Tp Hồ Chí Minh","38,24 triệu/m²",2 phòng,2 phòng,,Đã bàn giao,,Hợp đồng mua bán,Chung cư,,68 m²,
"4,95 tỷ","số 88, N1, Phường Sơn Kỳ, Quận Tân Phú, Tp Hồ Chí Minh","47,60 triệu/m²",3 phòng,2 phòng,,Chưa bàn giao,,Sổ hồng riêng,Chung cư,Nội thất đầy đủ,104 m²,
"1,27 tỷ","Đường Nguyễn Văn Luông, Phường 11, Quận 6, Tp Hồ Chí Minh","31,75 triệu/m²",2 phòng,2 phòng,,Đã bàn giao,,Sổ hồng riêng,Chung cư,,40 m²,
"1,25 tỷ","Đường Kênh Tân Hóa, Phường Hòa Thạnh, Quận Tân Phú, Tp Hồ Chí Minh","34,72 triệu/m²",2 phòng,,,Đã bàn giao,,Sổ hồng riêng,Chung cư,,36 m²,
"2,90 tỷ","Hoàng Quốc Việt, Phường Phú Mỹ, Quận 7, Tp Hồ Chí Minh","45,31 triệu/m²",2 phòng,2 phòng,,Đã bàn giao,,Hợp đồng mua bán,Chung cư,Hoàn thiện cơ bản,64 m²,
"1,75 tỷ","Đồng Văn Cống, Phường Cát Lái (Quận 2 cũ), Thành phố Thủ Đức, Tp Hồ Chí Minh","29,17 triệu/m²",2 phòng,,,Đã bàn giao,,Sổ hồng riêng,Chung cư,,60 m²,
"2,35 tỷ","Trịnh Quang Nghị, Xã Phong Phú, Huyện Bình Chánh, Tp Hồ Chí Minh","33,57 triệu/m²",2 phòng,2 phòng,,Đã bàn giao,,Sổ hồng riêng,Chung cư,Hoàn thiện cơ bản,70 m²,
"2,07 tỷ",Đường Nguyễn Thị Định,"35,08 triệu/m²",2 phòng,,,Đã bàn giao,,Sổ hồng riêng,Chung cư,,59 m²,0
"2,07 tỷ",Đường Nguyễn Thị Định,"35,08 triệu/m²",2 phòng,,,Đã bàn giao,,Sổ hồng riêng,Chung cư,,59 m²,0
"1,38 tỷ","Đường Phan Văn Trị, Phường 10, Quận Gò Vấp, Tp Hồ Chí Minh","43,19 triệu/m²",2 phòng,2 phòng,,Đã bàn giao,,Sổ hồng riêng,Chung cư,,32 m²,
"2,55 tỷ","Số 2225, Phạm Thế Hiển, Phường 6, Quận 8, Tp Hồ Chí Minh","35,66 triệu/m²",2 phòng,2 phòng,,Đã bàn giao,,Sổ hồng riêng,Chung cư,Nội thất đầy đủ,,
690 triệu,"68, 68 Đường Hương Lộ 80, Xã Vĩnh Lộc A, Huyện Bình Chánh, Tp Hồ Chí Minh","17,25 triệu/m²",1 phòng,1 phòng,,Đã bàn giao,,Hợp đồng mua bán,Chung cư,,40 m²,
"1,40 tỷ","Đường Nguyễn Văn Linh, Phường Tân Phong, Quận 7, TP Hồ Chí Minh, Phường Tân Phong, Quận 7, Tp Hồ Chí Minh",50 triệu/m²,1 phòng,1 phòng,,Chưa bàn giao,,Hợp đồng mua bán,Chung cư,Hoàn thiện cơ bản,,
"1,40 tỷ",Nguyễn Văn Linh,50 triệu/m²,1 phòng,1 phòng,,Chưa bàn giao,,Hợp đồng mua bán,Officetel,Hoàn thiện cơ bản,28 m²,
"2,80 tỷ","Hem 51, Đường Lê Quang Sung, Phường 2, Quận 6, Tp Hồ Chí Minh","31,12 triệu/m²",8 phòng,6 phòng,,Chưa bàn giao,,Sổ hồng riêng,Chung cư,Bàn giao thô,89.96 m²,
"1,31 tỷ","số 1A, Tạ Quang Bửu, Phường 6, Quận 8, Tp Hồ Chí Minh","19,48 triệu/m²",2 phòng,2 phòng,,Đã bàn giao,,Sổ hồng riêng,Chung cư,,67 m²,
"3,30 tỷ","N1, Phường Sơn Kỳ, Quận Tân Phú, Tp Hồ Chí Minh","51,72 triệu/m²",2 phòng,1 phòng,,Đã bàn giao,,Hợp đồng mua bán,Chung cư,,63.8 m²,
"1,45 tỷ","Đường Hậu Giang, Phường 11, Quận 6, Tp Hồ Chí Minh","72,50 triệu/m²",2 phòng,2 phòng,,Đã bàn giao,,Sổ hồng riêng,Chung cư,,20 m²,
"2,50 tỷ","Đường Lương Định Của, Phường An Phú (Quận 2 cũ), Thành phố Thủ Đức, Tp Hồ Chí Minh","28,09 triệu/m²",3 phòng,,,Đã bàn giao,,Đang chờ sổ,Chung cư,,89 m²,Căn góc
"1,37 tỷ","Đường Thoại Ngọc Hầu, Phường Hòa Thạnh, Quận Tân Phú, Tp Hồ Chí Minh","45,67 triệu/m²",2 phòng,2 phòng,,Đã bàn giao,,Sổ hồng riêng,Chung cư,,30 m²,
"2,10 tỷ","Số 2225, Phạm Thế Hiển, Phường 6, Quận 8, Tp Hồ Chí Minh","34,43 triệu/m²",2 phòng,2 phòng,,Đã bàn giao,,Sổ hồng riêng,Chung cư,,61 m²,
"1,90 tỷ","Đào Trinh Nhất, Phường Linh Trung (Quận Thủ Đức cũ), Thành phố Thủ Đức, Tp Hồ Chí Minh","35,19 triệu/m²",2 phòng,2 phòng,,Chưa bàn giao,,Sổ hồng riêng,Chung cư,Nội thất đầy đủ,54 m²,
"11,10 tỷ","Số 90, Nguyễn Hữu Cảnh, Phường 22, Quận Bình Thạnh, Tp Hồ Chí Minh","127,59 triệu/m²",2 phòng,,,Đã bàn giao,,Hợp đồng mua bán,Chung cư,Nội thất đầy đủ,87 m²,
"8,20 tỷ","Xa Lộ Hà Nội, Phường Thảo Điền (Quận 2 cũ), Thành phố Thủ Đức, Tp Hồ Chí Minh","83,67 triệu/m²",3 phòng,,,Đã bàn giao,Bắc,Sổ hồng riêng,Chung cư,,98 m²,
13 tỷ,"Khu M5, Tân Phú, Phường Tân Phú, Quận 7, Tp Hồ Chí Minh","94,20 triệu/m²",3 phòng,3 phòng,,Chưa bàn giao,,Sổ hồng riêng,Chung cư,,138 m²,
"1,32 tỷ","Đường Võ Chí Công, Phường Phú Hữu (Quận 9 cũ), Thành phố Thủ Đức, Tp Hồ Chí Minh","28,09 triệu/m²",2 phòng,2 phòng,,Đã bàn giao,,Sổ hồng riêng,Chung cư,,47 m²,
"11,50 tỷ","Xa Lộ Hà Nội, Phường Thảo Điền (Quận 2 cũ), Thành phố Thủ Đức, Tp Hồ Chí Minh","80,42 triệu/m²",3 phòng,,,Đã bàn giao,,Sổ hồng riêng,Chung cư,Nội thất cao cấp,143 m²,
"7,80 tỷ","Xa Lộ Hà Nội, Phường Thảo Điền (Quận 2 cũ), Thành phố Thủ Đức, Tp Hồ Chí Minh",78 triệu/m²,3 phòng,,,Đã bàn giao,Tây Bắc,Sổ hồng riêng,Chung cư,Nội thất đầy đủ,100 m²,
"7,60 tỷ","Xa Lộ Hà Nội, Phường Thảo Điền (Quận 2 cũ), Thành phố Thủ Đức, Tp Hồ Chí Minh","82,61 triệu/m²",3 phòng,,,Đã bàn giao,Tây Bắc,Sổ hồng riêng,Chung cư,,92 m²,
"4,56 tỷ","Nguyễn Xiển, Phường Long Bình (Quận 9 cũ), Thành phố Thủ Đức, Tp Hồ Chí Minh","66,01 triệu/m²",2 phòng,2 phòng,,Chưa bàn giao,,Hợp đồng mua bán,Chung cư,Hoàn thiện cơ bản,69 m²,
"13,50 tỷ","Xa Lộ Hà Nội, Phường Thảo Điền (Quận 2 cũ), Thành phố Thủ Đức, Tp Hồ Chí Minh",75 triệu/m²,4 phòng,3 phòng,,Đã bàn giao,,Sổ hồng riêng,Duplex,Nội thất đầy đủ,180 m²,
16 tỷ,"Xa Lộ Hà Nội, Phường Thảo Điền (Quận 2 cũ), Thành phố Thủ Đức, Tp Hồ Chí Minh",100 triệu/m²,5 phòng,5 phòng,,Đã bàn giao,,Hợp đồng mua bán,Chung cư,Nội thất đầy đủ,160 m²,
"5,37 tỷ","Nguyễn Xiển, Phường Long Thạnh Mỹ (Quận 9 cũ), Thành phố Thủ Đức, Tp Hồ Chí Minh","71,42 triệu/m²",3 phòng,,,Đã bàn giao,,Hợp đồng mua bán,Chung cư,,75.2 m²,
"4,37 tỷ","Nguyễn Xiển, Phường Long Thạnh Mỹ (Quận 9 cũ), Thành phố Thủ Đức, Tp Hồ Chí Minh","60,99 triệu/m²",2 phòng,,,Chưa bàn giao,,Hợp đồng mua bán,Chung cư,,71.6 m²,
18 tỷ,"Long Thạnh Mỹ, Phường Long Bình (Quận 9 cũ), Thành phố Thủ Đức, Tp Hồ Chí Minh","81,82 triệu/m²",3 phòng,4 phòng,,Chưa bàn giao,,Hợp đồng mua bán,Penthouse,Bàn giao thô,,Căn góc
"2,28 tỷ","Số 22, Âu Cơ, Phường Tân Thành, Quận Tân Phú, Tp Hồ Chí Minh","45,60 triệu/m²",1 phòng,,,Đã bàn giao,,Sổ hồng riêng,Chung cư,,50 m²,
"5,40 tỷ","- 62,79 triệu/m²","62,79 triệu/m²",3 phòng,2 phòng,Tây Nam,Chưa bàn giao,Đông Bắc,,,,,
"1,70 tỷ","Nguyễn Xiển, Phường Long Thạnh Mỹ (Quận 9 cũ), Thành phố Thủ Đức, Tp Hồ Chí Minh","56,67 triệu/m²",1 phòng,1 phòng,,Chưa bàn giao,,Hợp đồng mua bán,Chung cư,Hoàn thiện cơ bản,30 m²,
13 tỷ,"Số 200, 12, Phường 12, Quận 10, Tp Hồ Chí Minh","93,53 triệu/m²",3 phòng,3 phòng,,Đã bàn giao,,Đang chờ sổ,Chung cư,Nội thất đầy đủ,139 m²,
"3,64 tỷ","961, Hậu Giang, Phường 11, Quận 6, Tp Hồ Chí Minh","31,65 triệu/m²",3 phòng,2 phòng,,Đã bàn giao,,Sổ hồng riêng,Chung cư,Hoàn thiện cơ bản,115 m²,
"9,38 tỷ",", Long Thạnh Mỹ, Phường Long Bình (Quận 9 cũ), Thành phố Thủ Đức, Tp Hồ Chí Minh","83,02 triệu/m²",2 phòng,3 phòng,,Chưa bàn giao,,Hợp đồng mua bán,Duplex,Hoàn thiện cơ bản,113 m²,
"4,15 tỷ","39, Bến Vân Đồn, Phường 13, Quận 4, Tp Hồ Chí Minh","63,85 triệu/m²",2 phòng,1 phòng,,Đã bàn giao,,Hợp đồng mua bán,Chung cư,Nội thất đầy đủ,65 m²,
"6,20 tỷ","Số 34-35, Bến Vân Đồn, Phường 13, Quận 4, Tp Hồ Chí Minh","77,50 triệu/m²",2 phòng,2 phòng,,Đã bàn giao,,Hợp đồng mua bán,Chung cư,Nội thất đầy đủ,80 m²,
"1,73 tỷ","Nguyễn Hữu Thọ, Xã Phước Kiển, Huyện Nhà Bè, Tp Hồ Chí Minh","24,03 triệu/m²",2 phòng,2 phòng,,Chưa bàn giao,,Sổ hồng riêng,Chung cư,,72 m²,
"3,65 tỷ","Đường số 4, Phường An Phú (Quận 2 cũ), Thành phố Thủ Đức, Tp Hồ Chí Minh","43,25 triệu/m²",3 phòng,2 phòng,,Đã bàn giao,,Đang chờ sổ,Chung cư,,84.4 m²,Căn góc
"1,93 tỷ","Đường số 45, Phường 14, Quận Gò Vấp, Tp Hồ Chí Minh","20,98 triệu/m²",3 phòng,2 phòng,,Chưa bàn giao,,Hợp đồng mua bán,Chung cư,,,
"4,30 tỷ","Nguyễn Xiển, Phường Long Thạnh Mỹ (Quận 9 cũ), Thành phố Thủ Đức, Tp Hồ Chí Minh","62,32 triệu/m²",2 phòng,2 phòng,,Chưa bàn giao,,Hợp đồng mua bán,Chung cư,Hoàn thiện cơ bản,,Căn góc
"3,50 tỷ","Tạ Quang Bửu, Phường 6, Quận 8, Tp Hồ Chí Minh","46,67 triệu/m²",2 phòng,2 phòng,,Đã bàn giao,,Hợp đồng mua bán,Chung cư,,75 m²,
"9,60 tỷ","- 96,61 triệu/m²","96,61 triệu/m²",3 phòng,2 phòng,Tây Bắc,Chưa bàn giao,Đông Nam,Hợp đồng mua bán,Chung cư,,,
"21,29 tỷ","Nguyễn Xiển, Phường Long Thạnh Mỹ (Quận 9 cũ), Thành phố Thủ Đức, Tp Hồ Chí Minh","64,13 triệu/m²",5 phòng,4 phòng,,Chưa bàn giao,,Hợp đồng mua bán,Chung cư,Hoàn thiện cơ bản,,Căn góc
"6,70 tỷ","Đường Nguyễn Xiển, Phường Long Bình, Tp. Thủ Đức, Phường Long Bình (Quận 9 cũ), Thành phố Thủ Đức, Tp Hồ Chí Minh","68,36 triệu/m²",3 phòng,2 phòng,,Đã bàn giao,,Hợp đồng mua bán,Chung cư,Hoàn thiện cơ bản,98 m²,
"5,20 tỷ","- 65,91 triệu/m²","65,91 triệu/m²",2 phòng,2 phòng,Tây Bắc,Chưa bàn giao,Đông Nam,Hợp đồng mua bán,Chung cư,,,
"3,20 tỷ","- 54,24 triệu/m²","54,24 triệu/m²",2 phòng,2 phòng,Tây Bắc,Chưa bàn giao,Đông Nam,Hợp đồng mua bán,Chung cư,,,
"1,79 tỷ","Lý Thường Kiệt, Phường 14, Quận 10, Tp Hồ Chí Minh","29,75 triệu/m²",2 phòng,2 phòng,,Chưa bàn giao,,Sổ hồng riêng,Chung cư,,60 m²,
"1,67 tỷ","Đường N1, Phường Sơn Kỳ, Quận Tân Phú, Tp Hồ Chí Minh","33,40 triệu/m²",2 phòng,2 phòng,,Đã bàn giao,,Sổ hồng riêng,Chung cư,,50 m²,
"1,47 tỷ","70, Lữ Gia, Phường 15, Quận 11, Tp Hồ Chí Minh","21,94 triệu/m²",2 phòng,2 phòng,,Đã bàn giao,,Sổ hồng riêng,Chung cư,,67 m²,
"2,55 tỷ","- 31,10 triệu/m²","31,10 triệu/m²",2 phòng,2 phòng,Tây Nam,Đã bàn giao,Đông Bắc,Sổ hồng riêng,Chung cư,,,
"2,40 tỷ","- 35,82 triệu/m²","35,82 triệu/m²",2 phòng,1 phòng,Nam,Chưa bàn giao,Nam,,,,,
4 tỷ,"Nội khu dự án Vinhomes Grand Park- đường Nguyễn Xiển, Phường Long Thạnh Mỹ, Quận 9, TP HCM., Phường Long Thạnh Mỹ (Quận 9 cũ), Thành phố Thủ Đức, Tp Hồ Chí Minh","48,19 triệu/m²",3 phòng,3 phòng,,Đã bàn giao,,Sổ hồng riêng,Chung cư,Hoàn thiện cơ bản,83 m²,
"1,27 tỷ",Cập nhật 4 ngày trước,"15,49 triệu/m²",2 phòng,2 phòng,,Đã bàn giao,,,Chung cư,,82 m²,
"2,50 tỷ","996, Tạ Quang Bửu, Phường 6, Quận 8, Tp Hồ Chí Minh","48,08 triệu/m²",1 phòng,1 phòng,,Đã bàn giao,,Sổ hồng riêng,Chung cư,,52 m²,
"1,46 tỷ","Đường Võ Văn Kiệt, Phường 3, Quận 6, Tp Hồ Chí Minh","28,63 triệu/m²",2 phòng,2 phòng,,Đã bàn giao,,Sổ hồng riêng,Chung cư,,51 m²,
"2,28 tỷ","Đường Nguyễn Thị Định, Phường Cát Lái (Quận 2 cũ), Thành phố Thủ Đức, Tp Hồ Chí Minh","43,02 triệu/m²",3 phòng,,,Đã bàn giao,,Hợp đồng mua bán,Chung cư,,53 m²,0
4 tỷ,"Nguyễn Hữu Thọ, Xã Phước Kiển, Huyện Nhà Bè, Tp Hồ Chí Minh","49,38 triệu/m²",3 phòng,2 phòng,,Chưa bàn giao,,Sổ hồng riêng,Chung cư,Nội thất đầy đủ,81 m²,
"7,60 tỷ","Nguyễn Hữu Thọ, Phường Tân Hưng, Quận 7, Tp Hồ Chí Minh","51,70 triệu/m²",3 phòng,2 phòng,,Đã bàn giao,,Sổ hồng riêng,Chung cư,Nội thất cao cấp,,Căn góc
"1,77 tỷ","102, Phan Văn Hớn, Phường Tân Thới Nhất, Quận 12, Tp Hồ Chí Minh","33,40 triệu/m²",2 phòng,1 phòng,,Đã bàn giao,,Hợp đồng mua bán,Chung cư,Nội thất đầy đủ,53 m²,
"5,70 tỷ","Nguyễn Văn Linh, Phường Tân Thuận Tây, Quận 7, Tp Hồ Chí Minh","65,14 triệu/m²",3 phòng,,,Đã bàn giao,,Hợp đồng mua bán,Chung cư,Nội thất cao cấp,87.5 m²,
"2,95 tỷ","Nguyễn Xiển, Phường Long Thạnh Mỹ (Quận 9 cũ), Thành phố Thủ Đức, Tp Hồ Chí Minh",50 triệu/m²,2 phòng,2 phòng,,Đã bàn giao,,Sổ hồng riêng,Chung cư,Nội thất đầy đủ,,
"7,90 tỷ","Nguyễn Xiển, Phường Long Thạnh Mỹ (Quận 9 cũ), Thành phố Thủ Đức, Tp Hồ Chí Minh","81,91 triệu/m²",3 phòng,,,Chưa bàn giao,,Hợp đồng mua bán,Chung cư,,96.45 m²,
"6,92 tỷ","- 69,15 triệu/m²","69,15 triệu/m²",3 phòng,2 phòng,Tây Nam,Chưa bàn giao,Đông Bắc,Hợp đồng mua bán,Chung cư,,,
"4,90 tỷ","Nguyễn Hữu Thọ, Xã Phước Kiển, Huyện Nhà Bè, Tp Hồ Chí Minh","69,01 triệu/m²",2 phòng,2 phòng,,Chưa bàn giao,,Sổ hồng riêng,Chung cư,,71 m²,
"1,15 tỷ","Đường Nguyễn Văn Thương, Phường 25, Quận Bình Thạnh, Tp Hồ Chí Minh",115 triệu/m²,2 phòng,2 phòng,,Đã bàn giao,,Sổ hồng riêng,Chung cư,Nội thất đầy đủ,10 m²,
"2,35 tỷ","Trịnh Quang Nghị, Xã Phong Phú, Huyện Bình Chánh, Tp Hồ Chí Minh","33,57 triệu/m²",2 phòng,2 phòng,,Chưa bàn giao,,Sổ hồng riêng,Chung cư,Nội thất đầy đủ,70 m²,
"2,30 tỷ","Đường Trịnh Quang Nghị, Xã Phong Phú, Huyện Bình Chánh, Tp Hồ Chí Minh","35,38 triệu/m²",2 phòng,2 phòng,,Đã bàn giao,,Sổ hồng riêng,Chung cư,Nội thất đầy đủ,65 m²,
"1,25 tỷ","Đường Sơn Kỳ, Phường Sơn Kỳ, Quận Tân Phú, Tp Hồ Chí Minh",125 triệu/m²,2 phòng,2 phòng,,Đã bàn giao,,Sổ hồng riêng,Chung cư,,10 m²,
"5,30 tỷ","- 70,67 triệu/m²","70,67 triệu/m²",2 phòng,2 phòng,Bắc,Đã bàn giao,Nam,Hợp đồng mua bán,Chung cư,,,
"6,20 tỷ","Nguyễn Xiển, Phường Long Thạnh Mỹ (Quận 9 cũ), Thành phố Thủ Đức, Tp Hồ Chí Minh","88,57 triệu/m²",2 phòng,,,Chưa bàn giao,,Sổ hồng riêng,Chung cư,,70 m²,
"5,70 tỷ",- 60 triệu/m²,60 triệu/m²,3 phòng,2 phòng,Tây Bắc,Đã bàn giao,Đông Nam,1,Chung cư,,,
"3,40 tỷ","196, Cao Lỗ, Phường 4, Quận 8, Tp Hồ Chí Minh","43,04 triệu/m²",2 phòng,2 phòng,,Đã bàn giao,,Hợp đồng mua bán,Chung cư,,79 m²,Căn góc
3 tỷ,"31, Đường Trương Phước Phan, Phường Bình Trị Đông, Quận Bình Tân, Tp Hồ Chí Minh","34,48 triệu/m²",2 phòng,2 phòng,,Đã bàn giao,,Sổ hồng riêng,Chung cư,Nội thất đầy đủ,87 m²,
"2,80 tỷ","Số 4, Đào Trí, Phường Phú Thuận, Quận 7, Tp Hồ Chí Minh","41,18 triệu/m²",2 phòng,2 phòng,,Đã bàn giao,,Hợp đồng mua bán,Chung cư,,68 m²,
"1,10 tỷ","Xa Lộ Đại Hàn, Phường Tam Bình (Quận Thủ Đức cũ), Thành phố Thủ Đức, Tp Hồ Chí Minh","29,73 triệu/m²",1 phòng,1 phòng,,Đã bàn giao,Đông Nam,Sổ hồng riêng,Chung cư,,37 m²,
"20,50 tỷ","208, Nguyễn Hữu Cảnh, Phường 22, Quận Bình Thạnh, Tp Hồ Chí Minh","144,37 triệu/m²",3 phòng,3 phòng,,Đã bàn giao,,Sổ hồng riêng,Chung cư,Nội thất cao cấp,,
"3,69 tỷ","Nguyễn Hữu Thọ, Phường Tân Hưng, Quận 7, Tp Hồ Chí Minh","48,55 triệu/m²",2 phòng,2 phòng,,Đã bàn giao,,Sổ hồng riêng,Chung cư,Nội thất cao cấp,,Căn góc
"2,15 tỷ","Thạnh Xuân 13, Phường Thạnh Xuân, Quận 12, Tp Hồ Chí Minh","37,07 triệu/m²",2 phòng,1 phòng,,Chưa bàn giao,,Hợp đồng mua bán,Chung cư,Hoàn thiện cơ bản,58 m²,
3 tỷ,"Số 102, Bình Thọ, Phường Bình Thọ (Quận Thủ Đức cũ), Thành phố Thủ Đức, Tp Hồ Chí Minh","44,12 triệu/m²",2 phòng,2 phòng,,Đã bàn giao,,Hợp đồng mua bán,Chung cư,,68 m²,
"1,85 tỷ","- 28,46 triệu/m²","28,46 triệu/m²",2 phòng,2 phòng,Tây Bắc,Đã bàn giao,,Sổ hồng riêng,Chung cư,Hoàn thiện cơ bản,,
"1,07 tỷ","Xa Lộ Đại Hàn, Phường Tam Bình (Quận Thủ Đức cũ), Thành phố Thủ Đức, Tp Hồ Chí Minh","28,92 triệu/m²",1 phòng,1 phòng,,Đã bàn giao,Đông Nam,Sổ hồng riêng,Chung cư,,37 m²,
"2,55 tỷ","Nguyễn Xiển, Phường Long Thạnh Mỹ (Quận 9 cũ), Thành phố Thủ Đức, Tp Hồ Chí Minh","54,26 triệu/m²",1 phòng,1 phòng,,Đã bàn giao,,Hợp đồng mua bán,Chung cư,,47 m²,
4 tỷ,"77, Đường Võ Văn Kiệt, Phường An Lạc, Quận Bình Tân, Tp Hồ Chí Minh","33,06 triệu/m²",3 phòng,2 phòng,,Đã bàn giao,,Hợp đồng mua bán,Chung cư,Nội thất cao cấp,121 m²,
"4,30 tỷ","Nguyễn Thị Định, Phường An Phú (Quận 2 cũ), Thành phố Thủ Đức, Tp Hồ Chí Minh","63,24 triệu/m²",2 phòng,2 phòng,,Đã bàn giao,,Sổ hồng riêng,Chung cư,Hoàn thiện cơ bản,68 m²,
"5,30 tỷ","Nguyễn Văn Linh, Phường Tân Thuận Tây, Quận 7, Tp Hồ Chí Minh","67,09 triệu/m²",3 phòng,2 phòng,,Đã bàn giao,Tây Nam,,Chung cư,,,
"3,60 tỷ","số 88, N1, Phường Sơn Kỳ, Quận Tân Phú, Tp Hồ Chí Minh","50,70 triệu/m²",2 phòng,2 phòng,,Đã bàn giao,,Hợp đồng mua bán,Chung cư,Hoàn thiện cơ bản,71 m²,
"4,30 tỷ","số 88, N1, Phường Sơn Kỳ, Quận Tân Phú, Tp Hồ Chí Minh","51,19 triệu/m²",2 phòng,2 phòng,,Đã bàn giao,Đông Nam,Hợp đồng mua bán,Chung cư,Nội thất đầy đủ,,
"1,93 tỷ","15B, Nguyễn Lương Bằng, Xã Phú Xuân, Huyện Nhà Bè, Tp Hồ Chí Minh","25,73 triệu/m²",2 phòng,2 phòng,,Đã bàn giao,,Sổ hồng riêng,Chung cư,,75 m²,Căn góc
5 tỷ,"số 88, N1, Phường Sơn Kỳ, Quận Tân Phú, Tp Hồ Chí Minh","39,37 triệu/m²",3 phòng,3 phòng,,Đã bàn giao,,Hợp đồng mua bán,Duplex,Nội thất đầy đủ,127 m²,
"6,30 tỷ","Phú Thuận, Phường Tân Phú, Quận 7, Tp Hồ Chí Minh","47,73 triệu/m²",4 phòng,3 phòng,,Đã bàn giao,,Hợp đồng mua bán,Chung cư,,132 m²,
"3,10 tỷ","Phú Thuận, Phường Tân Phú, Quận 7, Tp Hồ Chí Minh","44,29 triệu/m²",2 phòng,2 phòng,,Đã bàn giao,,Hợp đồng mua bán,Chung cư,,70 m²,
"5,80 tỷ","Đường Nguyễn Hữu Thọ, Nhà Bè, Hồ Chí Minh, Xã Phước Kiển, Huyện Nhà Bè, Tp Hồ Chí Minh","55,77 triệu/m²",3 phòng,,,Đã bàn giao,,Sổ hồng riêng,Chung cư,Nội thất cao cấp,104 m²,
"1,55 tỷ","262/13, 262/13 262/13 Lũy Bán Bích, Phường Hòa Thạnh, Tân Phú, Hồ Chí Minh, Phường Hòa Thạnh, Quận Tân Phú, Tp Hồ Chí Minh",31 triệu/m²,2 phòng,2 phòng,,Đã bàn giao,,Hợp đồng mua bán,Chung cư,Hoàn thiện cơ bản,50 m²,
"1,85 tỷ","15B, 15B Đường Nguyễn Lương Bằng, Xã Phú Xuân, Huyện Nhà Bè, Tp Hồ Chí Minh","24,67 triệu/m²",2 phòng,2 phòng,,Đã bàn giao,,1,Chung cư,Nội thất đầy đủ,75 m²,
4 tỷ,"Nguyễn Hữu Thọ, Xã Phước Kiển, Huyện Nhà Bè, Tp Hồ Chí Minh","56,34 triệu/m²",2 phòng,2 phòng,,Đã bàn giao,,Đang chờ sổ,Chung cư,,71 m²,
"2,70 tỷ","196, Cao Lỗ, Phường 4, Quận 8, Tp Hồ Chí Minh","36,99 triệu/m²",2 phòng,2 phòng,,Đã bàn giao,,Hợp đồng mua bán,Chung cư,,73 m²,
"4,28 tỷ","số 88, N1, Phường Sơn Kỳ, Quận Tân Phú, Tp Hồ Chí Minh","50,95 triệu/m²",2 phòng,2 phòng,,Đã bàn giao,,Hợp đồng mua bán,Chung cư,,84 m²,Căn góc
10 tỷ,"Nguyễn Xiển, Phường Long Bình (Quận 9 cũ), Thành phố Thủ Đức, Tp Hồ Chí Minh",200 triệu/m²,2 phòng,,,Chưa bàn giao,,Sổ hồng riêng,Duplex,,50 m²,
"3,90 tỷ","số 88, N1, Phường Sơn Kỳ, Quận Tân Phú, Tp Hồ Chí Minh","39,80 triệu/m²",3 phòng,2 phòng,,Đã bàn giao,,Hợp đồng mua bán,Duplex,,98 m²,
"2,60 tỷ","Nguyễn Xiển, Phường Long Thạnh Mỹ (Quận 9 cũ), Thành phố Thủ Đức, Tp Hồ Chí Minh","44,07 triệu/m²",2 phòng,2 phòng,,Đã bàn giao,,Hợp đồng mua bán,Chung cư,Hoàn thiện cơ bản,,
"3,25 tỷ",- 65 triệu/m²,65 triệu/m²,1 phòng,1 phòng,Tây Nam,Đã bàn giao,Đông Bắc,Hợp đồng mua bán,Officetel,,,
"3,95 tỷ","- 57,50 triệu/m²","57,50 triệu/m²",2 phòng,2 phòng,Tây,Đã bàn giao,Nam,Sổ hồng riêng,Chung cư,,,
"3,35 tỷ","Số 4, Đào Trí, Phường Phú Thuận, Quận 7, Tp Hồ Chí Minh","47,18 triệu/m²",2 phòng,,,Đã bàn giao,,Hợp đồng mua bán,Chung cư,,71 m²,
"3,10 tỷ","Đường Lê Đức Thọ, Phường 17, Quận Gò Vấp, Tp Hồ Chí Minh","41,89 triệu/m²",2 phòng,2 phòng,,Đã bàn giao,,Sổ hồng riêng,Chung cư,Nội thất đầy đủ,,Căn góc
"2,30 tỷ","15B, Phường Phú Mỹ, Quận 7, Tp Hồ Chí Minh","31,08 triệu/m²",2 phòng,2 phòng,,Đã bàn giao,,Sổ hồng riêng,Chung cư,Hoàn thiện cơ bản,74 m²,
"3,50 tỷ","196, Cao Lỗ, Phường 4, Quận 8, Tp Hồ Chí Minh","44,30 triệu/m²",2 phòng,2 phòng,,Đã bàn giao,,Hợp đồng mua bán,Chung cư,,79 m²,
"6,40 tỷ","nguyễn lương bằng, Phường Tân Phú, Quận 7, Tp Hồ Chí Minh","77,11 triệu/m²",3 phòng,2 phòng,,Đã bàn giao,,Hợp đồng mua bán,Chung cư,,83 m²,Căn góc
"2,55 tỷ","Dương Thị Giang, Phường Tân Thới Nhất, Quận 12, Tp Hồ Chí Minh","39,23 triệu/m²",2 phòng,2 phòng,,Đã bàn giao,,Hợp đồng mua bán,Chung cư,,65 m²,
"2,53 tỷ","Dương Thị Giang, Phường Tân Thới Nhất, Quận 12, Tp Hồ Chí Minh","35,63 triệu/m²",2 phòng,,,Chưa bàn giao,,Hợp đồng mua bán,Chung cư,,71 m²,
"1,75 tỷ",Cập nhật 4 ngày trước,50 triệu/m²,1 phòng,1 phòng,,Đã bàn giao,,,Chung cư,,35 m²,
"3,90 tỷ","N1, Phường Sơn Kỳ, Quận Tân Phú, Tp Hồ Chí Minh","39,80 triệu/m²",3 phòng,2 phòng,,Đã bàn giao,,Hợp đồng mua bán,Duplex,,98 m²,
"3,15 tỷ","số 88, N1, Phường Sơn Kỳ, Quận Tân Phú, Tp Hồ Chí Minh","46,32 triệu/m²",2 phòng,2 phòng,,Đã bàn giao,,Sổ hồng riêng,Chung cư,Nội thất đầy đủ,68 m²,
"4,20 tỷ","- 50,60 triệu/m²","50,60 triệu/m²",3 phòng,2 phòng,Nam,Đã bàn giao,Bắc,Hợp đồng mua bán,Chung cư,,,
"3,50 tỷ","- 53,85 triệu/m²","53,85 triệu/m²",2 phòng,2 phòng,Tây,Đã bàn giao,Đông,Hợp đồng mua bán,Chung cư,,,
2 tỷ,"Nguyễn Hữu Thọ, Xã Phước Kiển, Huyện Nhà Bè, Tp Hồ Chí Minh","27,40 triệu/m²",2 phòng,2 phòng,,Chưa bàn giao,,Hợp đồng mua bán,Chung cư,Nội thất đầy đủ,73 m²,
"14,50 tỷ","Số 200, 12, Phường 12, Quận 10, Tp Hồ Chí Minh","105,07 triệu/m²",3 phòng,3 phòng,,Đã bàn giao,,Sổ hồng riêng,Chung cư,Nội thất cao cấp,138 m²,
"3,36 tỷ","Đường Lê Văn Lương, Xã Nhơn Đức, Huyện Nhà Bè, Tp Hồ Chí Minh","53,33 triệu/m²",2 phòng,2 phòng,,Chưa bàn giao,,Đang chờ sổ,Chung cư,Nội thất cao cấp,63 m²,
"2,05 tỷ","Liên Phường, Phường Phước Long B (Quận 9 cũ), Thành phố Thủ Đức, Tp Hồ Chí Minh","33,33 triệu/m²",2 phòng,,,Đã bàn giao,Bắc,Hợp đồng mua bán,Chung cư,,61.5 m²,
"7,50 tỷ","Nguyễn Xiển, Phường Long Thạnh Mỹ (Quận 9 cũ), Thành phố Thủ Đức, Tp Hồ Chí Minh",75 triệu/m²,3 phòng,2 phòng,,Chưa bàn giao,Đông Nam,Hợp đồng mua bán,Chung cư,,,
"1,70 tỷ","Liên Phường, Phường Phú Hữu (Quận 9 cũ), Thành phố Thủ Đức, Tp Hồ Chí Minh","30,91 triệu/m²",2 phòng,1 phòng,,Đã bàn giao,,Sổ hồng riêng,Chung cư,Nội thất đầy đủ,55 m²,
"2,60 tỷ","Nguyễn Xiển, Phường Long Thạnh Mỹ (Quận 9 cũ), Thành phố Thủ Đức, Tp Hồ Chí Minh","44,07 triệu/m²",2 phòng,2 phòng,,Đã bàn giao,,Hợp đồng mua bán,Chung cư,,,
"2,70 tỷ","Nguyễn Xiển, Phường Long Thạnh Mỹ (Quận 9 cũ), Thành phố Thủ Đức, Tp Hồ Chí Minh","45,76 triệu/m²",2 phòng,2 phòng,,Đã bàn giao,Tây Nam,,Chung cư,,,
"2,38 tỷ","Nguyễn Xiển, Phường Long Thạnh Mỹ (Quận 9 cũ), Thành phố Thủ Đức, Tp Hồ Chí Minh","40,34 triệu/m²",2 phòng,1 phòng,,Đã bàn giao,,Sổ hồng riêng,Chung cư,,59 m²,
"3,13 tỷ","Nguyễn Xiển, Phường Long Thạnh Mỹ (Quận 9 cũ), Thành phố Thủ Đức, Tp Hồ Chí Minh","45,36 triệu/m²",2 phòng,2 phòng,,Chưa bàn giao,Đông Bắc,Hợp đồng mua bán,Chung cư,,,
"3,10 tỷ","Đường Lưu Đình Lễ, Phường An Khánh (Quận 2 cũ), Thành phố Thủ Đức, Tp Hồ Chí Minh","43,66 triệu/m²",2 phòng,2 phòng,,Đã bàn giao,Tây,Hợp đồng mua bán,Chung cư,,71 m²,
3 tỷ,"33, 33 Đường Phan Huy Ích, Phường 15, Quận Tân Bình, Tp Hồ Chí Minh","32,96 triệu/m²",2 phòng,2 phòng,,Đã bàn giao,,Sổ hồng riêng,Chung cư,,91 m²,
"1,15 tỷ","Đường Nguyễn Văn Quá, Phường Đông Hưng Thuận, Quận 12, Tp Hồ Chí Minh","25,56 triệu/m²",1 phòng,1 phòng,,Chưa bàn giao,,Hợp đồng mua bán,Chung cư,,45 m²,
"2,10 tỷ","- 33,87 triệu/m²","33,87 triệu/m²",2 phòng,2 phòng,Tây Bắc,Đã bàn giao,Đông Nam,Hợp đồng mua bán,Chung cư,,,
"2,90 tỷ","196, Cao Lỗ, Phường 4, Quận 8, Tp Hồ Chí Minh","48,33 triệu/m²",2 phòng,2 phòng,,Đã bàn giao,,Hợp đồng mua bán,Chung cư,Bàn giao thô,60 m²,
"3,50 tỷ",", Nguyễn Hữu Thọ, Xã Phước Kiển, Nhà Bè, Hồ Chí Minh, Xã Phước Kiển, Huyện Nhà Bè, Tp Hồ Chí Minh",50 triệu/m²,2 phòng,2 phòng,,Đã bàn giao,,Hợp đồng mua bán,Chung cư,Nội thất đầy đủ,70 m²,
"1,95 tỷ","Đường Nguyễn Văn Linh, Phường Tân Phong, Quận 7, Tp Hồ Chí Minh","52,70 triệu/m²",1 phòng,1 phòng,,Đã bàn giao,,Hợp đồng mua bán,Chung cư,Hoàn thiện cơ bản,,Căn góc
"4,80 tỷ","116, Đường Lương Định Của, Phường An Khánh (Quận 2 cũ), Thành phố Thủ Đức, Tp Hồ Chí Minh","55,81 triệu/m²",2 phòng,2 phòng,,Đã bàn giao,,Đang chờ sổ,Chung cư,,,
"2,15 tỷ","961, Đường Hậu Giang, Phường 11, Quận 6, Tp Hồ Chí Minh","35,83 triệu/m²",1 phòng,,,Đã bàn giao,,Sổ hồng riêng,Chung cư,,60 m²,
"4,34 tỷ","Lương Định Của, Phường An Khánh (Quận 2 cũ), Thành phố Thủ Đức, Tp Hồ Chí Minh","57,13 triệu/m²",2 phòng,2 phòng,,Đã bàn giao,,Đang chờ sổ,Chung cư,,,
"3,55 tỷ","Võ Văn Kiệt, Phường An Lạc, Quận Bình Tân, Tp Hồ Chí Minh","47,33 triệu/m²",2 phòng,2 phòng,,Đã bàn giao,,Sổ hồng riêng,Chung cư,Nội thất cao cấp,,Căn góc
"2,30 tỷ","Số 4, Đào Trí, Phường Phú Thuận, Quận 7, Tp Hồ Chí Minh","43,40 triệu/m²",1 phòng,1 phòng,,Đã bàn giao,,Hợp đồng mua bán,Chung cư,,53 m²,
"2,95 tỷ","Nguyễn Xiển, Phường Long Thạnh Mỹ (Quận 9 cũ), Thành phố Thủ Đức, Tp Hồ Chí Minh","42,75 triệu/m²",2 phòng,2 phòng,,Chưa bàn giao,,Hợp đồng mua bán,Chung cư,,69 m²,
"4,60 tỷ","- 44,65 triệu/m²","44,65 triệu/m²",3 phòng,2 phòng,Tây,Đã bàn giao,,,Chung cư,,,
"2,89 tỷ","Liên Phường, Phường Phú Hữu (Quận 9 cũ), Thành phố Thủ Đức, Tp Hồ Chí Minh","27,26 triệu/m²",3 phòng,2 phòng,,Đã bàn giao,,Sổ hồng riêng,Chung cư,Nội thất đầy đủ,,Căn góc
"2,55 tỷ","Nguyễn Xiển, Phường Long Thạnh Mỹ (Quận 9 cũ), Thành phố Thủ Đức, Tp Hồ Chí Minh","53,13 triệu/m²",1 phòng,1 phòng,,Chưa bàn giao,,Hợp đồng mua bán,Chung cư,,48 m²,
"6,10 tỷ","Nguyễn Văn Linh, Phường Tân Thuận Tây, Quận 7, Tp Hồ Chí Minh","64,21 triệu/m²",3 phòng,2 phòng,,Đã bàn giao,,Hợp đồng mua bán,Chung cư,,95 m²,
"2,28 tỷ","195, Cao Lỗ, Phường 4, Quận 8, Tp Hồ Chí Minh","30,81 triệu/m²",2 phòng,2 phòng,,Chưa bàn giao,,Hợp đồng mua bán,Chung cư,,74 m²,
"3,15 tỷ","số 88, N1, Phường Sơn Kỳ, Quận Tân Phú, Tp Hồ Chí Minh","46,32 triệu/m²",2 phòng,2 phòng,,Đã bàn giao,,Sổ hồng riêng,Chung cư,,68 m²,
"1,39 tỷ","13E, Nguyễn Văn Linh, Xã Phong Phú, Huyện Bình Chánh, Tp Hồ Chí Minh","27,80 triệu/m²",2 phòng,2 phòng,,Đã bàn giao,,Hợp đồng mua bán,Chung cư,,50 m²,Căn góc
"1,42 tỷ","13E, Nguyễn Văn Linh, Xã Phong Phú, Huyện Bình Chánh, Tp Hồ Chí Minh","28,40 triệu/m²",2 phòng,2 phòng,,Đã bàn giao,,Hợp đồng mua bán,Chung cư,,50 m²,
"2,70 tỷ","Nguyễn Hữu Thọ, Xã Phước Kiển, Huyện Nhà Bè, Tp Hồ Chí Minh",27 triệu/m²,2 phòng,2 phòng,,Đã bàn giao,,Sổ hồng riêng,Chung cư,Hoàn thiện cơ bản,100 m²,
"2,60 tỷ","326/1, Ung Văn Khiêm, Phường 25, Quận Bình Thạnh, Tp Hồ Chí Minh","37,14 triệu/m²",2 phòng,,,Đã bàn giao,,Sổ hồng riêng,Chung cư,,70 m²,
"2,90 tỷ","Phan Chu Trinh, Phường 12, Quận Bình Thạnh, Tp Hồ Chí Minh","44,62 triệu/m²",2 phòng,,,Đã bàn giao,,Sổ hồng riêng,Chung cư,,65 m²,
"2,60 tỷ","41, Điện Biên Phủ, Phường 25, Quận Bình Thạnh, Tp Hồ Chí Minh","43,33 triệu/m²",2 phòng,,,Đã bàn giao,,Sổ hồng riêng,Chung cư,,60 m²,Căn góc
"3,75 tỷ",Cập nhật 4 ngày trước,"37,50 triệu/m²",3 phòng,2 phòng,,Đã bàn giao,,,Chung cư,,100 m²,Căn góc
"3,60 tỷ","D1, Phường 25, Quận Bình Thạnh, Tp Hồ Chí Minh",40 triệu/m²,2 phòng,2 phòng,,Đã bàn giao,,Sổ hồng riêng,Chung cư,,90 m²,Căn góc
5 tỷ,"Chu Văn An, Phường 12, Quận Bình Thạnh, Tp Hồ Chí Minh","35,46 triệu/m²",3 phòng,2 phòng,,Đã bàn giao,,Sổ hồng riêng,Chung cư,,141 m²,Căn góc
"2,40 tỷ","Phan Văn Trị, Phường 11, Quận Bình Thạnh, Tp Hồ Chí Minh","37,50 triệu/m²",2 phòng,2 phòng,,Đã bàn giao,,Sổ hồng riêng,Chung cư,,64 m²,
"4,60 tỷ","Nguyễn Thị Định, Phường An Phú (Quận 2 cũ), Thành phố Thủ Đức, Tp Hồ Chí Minh","47,42 triệu/m²",3 phòng,2 phòng,,Đã bàn giao,,Sổ hồng riêng,Chung cư,,97 m²,
"13,89 tỷ","- 52,61 triệu/m²","52,61 triệu/m²",3 phòng,2 phòng,Nam,Đã bàn giao,Bắc,Sổ hồng riêng,Duplex,,,
"2,89 tỷ","- 32,11 triệu/m²","32,11 triệu/m²",3 phòng,2 phòng,Tây Nam,Đã bàn giao,Đông Bắc,,Chung cư,,,
"2,35 tỷ","Trịnh Quang Nghị, Xã Phong Phú, Huyện Bình Chánh, Tp Hồ Chí Minh","33,57 triệu/m²",2 phòng,2 phòng,,Đã bàn giao,,Sổ hồng riêng,Chung cư,Hoàn thiện cơ bản,70 m²,
"1,85 tỷ","- 39,36 triệu/m²","39,36 triệu/m²",1 phòng,1 phòng,Tây Nam,Đã bàn giao,Đông Bắc,Sổ hồng riêng,Chung cư,,,
"1,85 tỷ","Đường Nguyễn Thị Định, Phường Cát Lái, Quận 2, Thành phố Hồ Chí Minh, Phường Cát Lái (Quận 2 cũ), Thành phố Thủ Đức, Tp Hồ Chí Minh","34,91 triệu/m²",2 phòng,2 phòng,,Đã bàn giao,,Hợp đồng mua bán,Chung cư,,53 m²,
"1,95 tỷ","- 37,50 triệu/m²","37,50 triệu/m²",1 phòng,,Tây Bắc,Đã bàn giao,Đông Nam,Sổ hồng riêng,Chung cư,Nội thất đầy đủ,,
"2,80 tỷ","817, Tạ Quang Bửu, Phường 5, Quận 8, Tp Hồ Chí Minh","34,57 triệu/m²",2 phòng,2 phòng,,Đã bàn giao,,Sổ hồng riêng,Chung cư,Nội thất đầy đủ,81 m²,
12 tỷ,"Nguyễn Thị Định, Phường An Phú (Quận 2 cũ), Thành phố Thủ Đức, Tp Hồ Chí Minh","63,16 triệu/m²",4 phòng,3 phòng,,Đã bàn giao,,Sổ hồng riêng,Duplex,Bàn giao thô,,
"3,10 tỷ","Lô 5, Bình Hưng Hòa B, Phường Bình Hưng Hoà B, Quận Bình Tân, Tp Hồ Chí Minh","25,62 triệu/m²",3 phòng,2 phòng,,Đã bàn giao,Đông,,Chung cư,,,
"3,60 tỷ","18, Phan Chu Trinh, Phường 2, Quận Bình Thạnh, Tp Hồ Chí Minh",40 triệu/m²,2 phòng,1 phòng,,Đã bàn giao,,Sổ hồng riêng,Chung cư,,,
"4,50 tỷ","Lương Định Của, Phường An Khánh (Quận 2 cũ), Thành phố Thủ Đức, Tp Hồ Chí Minh","56,28 triệu/m²",2 phòng,2 phòng,,Đã bàn giao,,Hợp đồng mua bán,Chung cư,Hoàn thiện cơ bản,80 m²,
"2,20 tỷ","Đường Bà Hom, Phường 13, Quận 6, Tp Hồ Chí Minh","32,35 triệu/m²",2 phòng,2 phòng,,Đã bàn giao,,Sổ hồng riêng,Chung cư,,68 m²,
"2,90 tỷ","Số 243, Tân Hòa Đông, Phường 14, Quận 6, Tp Hồ Chí Minh","38,16 triệu/m²",3 phòng,,,Đã bàn giao,,Sổ hồng riêng,Chung cư,,76 m²,
"2,45 tỷ","Hồ Học Lãm, Phường An Lạc, Quận Bình Tân, Tp Hồ Chí Minh","28,49 triệu/m²",3 phòng,2 phòng,,Đã bàn giao,,Hợp đồng mua bán,Chung cư,Nội thất đầy đủ,,
"3,50 tỷ","370, Nguyễn Văn Quỳ, Phường Phú Thuận, Quận 7, Tp Hồ Chí Minh","35,71 triệu/m²",2 phòng,2 phòng,,Đã bàn giao,,Sổ hồng riêng,Chung cư,Nội thất đầy đủ,98 m²,
"11,60 tỷ","- 108,41 triệu/m²","108,41 triệu/m²",3 phòng,2 phòng,Đông Bắc,Đã bàn giao,Đông Nam,,Chung cư,,,
"2,65 tỷ","Nguyễn Xiển, Phường Long Thạnh Mỹ (Quận 9 cũ), Thành phố Thủ Đức, Tp Hồ Chí Minh","38,41 triệu/m²",2 phòng,,,Đã bàn giao,,Sổ hồng riêng,Chung cư,,69 m²,Căn góc
"3,93 tỷ","370, Nguyễn Văn Quỳ, Phường Phú Thuận, Quận 7, Tp Hồ Chí Minh","32,75 triệu/m²",3 phòng,3 phòng,,Đã bàn giao,,Sổ hồng riêng,Chung cư,Hoàn thiện cơ bản,,Căn góc
"4,50 tỷ","370, Nguyễn Văn Quỳ, Phường Phú Thuận, Quận 7, Tp Hồ Chí Minh","28,30 triệu/m²",3 phòng,3 phòng,,Đã bàn giao,,Sổ hồng riêng,Duplex,Hoàn thiện cơ bản,,Căn góc
"3,20 tỷ","370, Nguyễn Văn Quỳ, Phường Phú Thuận, Quận 7, Tp Hồ Chí Minh","33,33 triệu/m²",2 phòng,2 phòng,,Đã bàn giao,,Sổ hồng riêng,Chung cư,Nội thất đầy đủ,,Căn góc
22 tỷ,"89, Hoàng Quốc Việt, Phường Phú Thuận, Quận 7, Tp Hồ Chí Minh",88 triệu/m²,4 phòng,4 phòng,,Đã bàn giao,Đông Nam,Sổ hồng riêng,Penthouse,Nội thất đầy đủ,,
"3,90 tỷ","86, Tản Đà, Phường 11, Quận 5, Tp Hồ Chí Minh","52,70 triệu/m²",2 phòng,1 phòng,,Đã bàn giao,,Sổ hồng riêng,Chung cư,Nội thất đầy đủ,74 m²,
"4,10 tỷ","Lương Định Của, Phường An Khánh (Quận 2 cũ), Thành phố Thủ Đức, Tp Hồ Chí Minh","51,25 triệu/m²",2 phòng,2 phòng,,Đã bàn giao,,Hợp đồng mua bán,Chung cư,Hoàn thiện cơ bản,80 m²,
"2,75 tỷ",- 55 triệu/m²,55 triệu/m²,1 phòng,1 phòng,Đông Bắc,Đã bàn giao,Tây Nam,Sổ hồng riêng,Chung cư,,,
"1,75 tỷ","D7, Phường Phú Hữu (Quận 9 cũ), Thành phố Thủ Đức, Tp Hồ Chí Minh","31,82 triệu/m²",2 phòng,1 phòng,,Đã bàn giao,,Sổ hồng riêng,Chung cư,,55 m²,
"1,50 tỷ","Tạ Quang Bửu, Phường 5, Quận 8, Tp Hồ Chí Minh",50 triệu/m²,1 phòng,1 phòng,,Đã bàn giao,,Đang chờ sổ,Chung cư,Hoàn thiện cơ bản,30 m²,
"1,58 tỷ","- 25,12 triệu/m²","25,12 triệu/m²",2 phòng,1 phòng,Đông,Đã bàn giao,Bắc,Sổ hồng riêng,Chung cư,,,
