DistrictId,WardId,Size,Type,FurnishingSell,Urgent,Price
11,157,210.0,Shophouse,Nội thất cao cấp,0,9699000000.0
16,250,100.0,Mặt bằng kinh doanh,,0,10000000.0
21,314,200.0,Mặt bằng kinh doanh,,0,250000000.0
4,60,44.0,Mặt bằng kinh doanh,,0,5400000000.0
13,199,230.0,Mặt bằng kinh doanh,,0,600000000.0
7,97,62.0,Mặt bằng kinh doanh,Hoàn thiện cơ bản,0,9500000000.0
12,163,74.0,Shophouse,Nội thất đầy đủ,0,6360000000.0
11,160,120.0,Shophouse,,0,2450000000.0
21,313,300.0,Mặt bằng kinh doanh,Hoàn thiện cơ bản,1,9500000.0
12,163,74.0,Shophouse,Nội thất cao cấp,0,6360000000.0
12,163,74.0,Shophouse,Nội thất cao cấp,0,6360000000.0
17,259,40.0,Mặt bằng kinh doanh,,0,149000000.0
12,172,500.0,Mặt bằng kinh doanh,Hoàn thiện cơ bản,1,380000000.0
12,166,45.0,Mặt bằng kinh doanh,Nội thất đầy đủ,0,90000000.0
11,162,116.0,Shophouse,,0,5000000000.0
18,265,206.88,Shophouse,Hoàn thiện cơ bản,0,16000000000.0
0,0,268.0,Mặt bằng kinh doanh,Nội thất cao cấp,0,8449999999.999999
4,61,60.0,Mặt bằng kinh doanh,,0,250000000.0
1,11,160.0,Mặt bằng kinh doanh,,0,10500000000.0
12,166,95.0,Mặt bằng kinh doanh,,0,14500000000.0
12,168,48.0,Mặt bằng kinh doanh,,1,130000000.0
16,250,70.0,Mặt bằng kinh doanh,,0,200000000.0
16,248,180.0,Mặt bằng kinh doanh,Nội thất cao cấp,0,600000000.0
9,126,24.0,Mặt bằng kinh doanh,,0,989000000.0
12,167,400.0,Mặt bằng kinh doanh,,0,9500000000.0
13,192,75.0,Mặt bằng kinh doanh,,0,19000000000.0
12,167,68.0,Shophouse,Nội thất đầy đủ,0,3100000000.0
7,99,65.0,Shophouse,Hoàn thiện cơ bản,0,3000000000.0
10,146,51.0,Mặt bằng kinh doanh,,0,16000000000.0
17,256,473.0,Mặt bằng kinh doanh,,0,22500000000.0
12,170,98.0,Mặt bằng kinh doanh,,0,13900000000.0
21,312,256.0,Mặt bằng kinh doanh,,0,25500000000.0
9,126,33.0,Mặt bằng kinh doanh,Nội thất đầy đủ,1,70000000.0
1,33,241.0,Mặt bằng kinh doanh,Hoàn thiện cơ bản,0,10000000000.0
14,208,45.0,Mặt bằng kinh doanh,,0,6600000000.0
0,0,295.0,Mặt bằng kinh doanh,Hoàn thiện cơ bản,0,25500000000.0
12,166,85.0,Mặt bằng kinh doanh,,0,6700000000.0
11,162,60.0,Mặt bằng kinh doanh,,0,5400000000.0
1,17,120.0,Mặt bằng kinh doanh,Nội thất cao cấp,0,75000000.0
16,333,74.0,Mặt bằng kinh doanh,,0,14000000000.0
7,99,130.0,Shophouse,Hoàn thiện cơ bản,0,5500000000.0
11,330,60.0,Mặt bằng kinh doanh,,0,7200000000.0
17,261,100.0,Mặt bằng kinh doanh,,0,10000000.0
14,207,300.0,Mặt bằng kinh doanh,,0,25000000.0
16,248,200.0,Mặt bằng kinh doanh,Nội thất đầy đủ,0,250000000.0
1,17,88.0,Mặt bằng kinh doanh,,0,7300000000.0
13,194,162.0,Văn phòng,Nội thất cao cấp,1,29500000000.0
15,232,16.0,Mặt bằng kinh doanh,Hoàn thiện cơ bản,0,3650000.0
16,250,68.0,Mặt bằng kinh doanh,,0,13500000000.0
11,154,172.0,Mặt bằng kinh doanh,,0,10500000000.0
1,25,20.0,Mặt bằng kinh doanh,,0,150000000.0
5,75,40.0,Mặt bằng kinh doanh,,0,60000000.0
11,156,56.0,Mặt bằng kinh doanh,Nội thất đầy đủ,0,5750000000.0
11,156,206.0,Mặt bằng kinh doanh,Nội thất đầy đủ,0,15000000000.0
11,158,67.0,Mặt bằng kinh doanh,Nội thất đầy đủ,0,5500000000.0
12,167,191.0,Mặt bằng kinh doanh,,0,19000000000.0
21,317,339.0,Officetel,,0,15000000000.0
5,69,25.0,Mặt bằng kinh doanh,Nội thất cao cấp,0,280000000.0
18,265,100.0,Shophouse,,0,7800000000.0
11,156,35.0,Mặt bằng kinh doanh,,0,3350000000.0
12,172,80.0,Mặt bằng kinh doanh,Nội thất đầy đủ,0,35000000.0
6,94,75.0,Mặt bằng kinh doanh,Nội thất cao cấp,0,15000000000.0
17,252,285.0,Mặt bằng kinh doanh,,0,26500000000.0
5,72,52.5,Mặt bằng kinh doanh,,0,21500000000.0
9,132,42.0,Mặt bằng kinh doanh,Nội thất cao cấp,0,26000000000.0
1,10,64.0,Mặt bằng kinh doanh,,0,11000000000.0
8,113,62.0,Shophouse,Hoàn thiện cơ bản,0,2850000000.0
17,261,100.0,Mặt bằng kinh doanh,,0,12000000000.0
15,232,16.0,Mặt bằng kinh doanh,,0,3650000000.0
15,229,230.0,Mặt bằng kinh doanh,,1,45600000000.0
12,168,563.0,Văn phòng,Nội thất đầy đủ,0,12500000000.0
7,106,200.0,Mặt bằng kinh doanh,,0,252000000.0
21,308,410.0,Mặt bằng kinh doanh,,0,19500000000.0
1,35,400.0,Mặt bằng kinh doanh,,0,1800000000.0
12,168,300.0,Mặt bằng kinh doanh,,0,1050000000.0
1,19,120.0,Mặt bằng kinh doanh,,0,150000000.0
17,252,200.0,Mặt bằng kinh doanh,,0,600000000.0
16,249,220.0,Mặt bằng kinh doanh,,0,400000000.0
21,317,400.0,Mặt bằng kinh doanh,,0,810000000.0
12,165,230.0,Mặt bằng kinh doanh,,0,280000000.0
2,40,350.0,Mặt bằng kinh doanh,,0,2500000000.0
12,166,300.0,Mặt bằng kinh doanh,,0,360000000.0
14,208,200.0,Mặt bằng kinh doanh,,0,1250000000.0
13,199,155.0,Mặt bằng kinh doanh,,0,380000000.0
1,26,90.0,Mặt bằng kinh doanh,,0,10000000000.0
13,199,210.0,Mặt bằng kinh doanh,,0,500000000.0
13,199,300.0,Mặt bằng kinh doanh,,0,1500000000.0
13,199,200.0,Mặt bằng kinh doanh,,0,490000000.0
16,333,72.0,Mặt bằng kinh doanh,Nội thất đầy đủ,0,10500000000.0
13,199,160.0,Mặt bằng kinh doanh,,0,490000000.0
17,261,260.0,Mặt bằng kinh doanh,,1,26000000000.0
1,31,209.0,Mặt bằng kinh doanh,Nội thất đầy đủ,0,650000000.0
3,52,54.0,Mặt bằng kinh doanh,Nội thất đầy đủ,0,12500000000.0
1,23,190.0,Mặt bằng kinh doanh,,0,17900000000.0
8,112,151.0,Shophouse,Hoàn thiện cơ bản,1,5500000000.0
14,206,73.0,Mặt bằng kinh doanh,,0,12000000000.0
1,34,140.0,Mặt bằng kinh doanh,Nội thất đầy đủ,0,230000000.0
14,207,150.0,Mặt bằng kinh doanh,,0,12800000000.0
1,13,73.0,Shophouse,Nội thất đầy đủ,0,13600000000.0
11,154,150.0,Mặt bằng kinh doanh,,0,13000000000.0
21,310,120.0,Mặt bằng kinh doanh,,0,2850000000.0
1,23,90.0,Mặt bằng kinh doanh,Nội thất cao cấp,0,8600000000.0
1,4,217.0,Văn phòng,Nội thất cao cấp,0,14500000000.0
11,162,203.0,Mặt bằng kinh doanh,,0,7450000000.0
17,256,120.0,Mặt bằng kinh doanh,Nội thất đầy đủ,0,360000000.0
17,253,280.0,Mặt bằng kinh doanh,Nội thất đầy đủ,0,240000000.0
16,247,280.0,Mặt bằng kinh doanh,Nội thất đầy đủ,0,250000000.0
17,261,100.0,Mặt bằng kinh doanh,,0,100000000.0
14,219,20.0,Mặt bằng kinh doanh,,0,5000000.0
8,112,151.0,Shophouse,Hoàn thiện cơ bản,0,5000000000.0
9,135,105.0,Mặt bằng kinh doanh,,0,30000000000.0
22,318,40.0,Mặt bằng kinh doanh,Nội thất đầy đủ,0,42000000.0
21,313,460.0,Mặt bằng kinh doanh,Nội thất cao cấp,0,14500000000.0
12,163,185.0,Shophouse,Bàn giao thô,0,12000000000.0
15,228,49.5,Mặt bằng kinh doanh,,0,3450000000.0
6,94,91.0,Mặt bằng kinh doanh,,0,18000000000.0
7,99,75.0,Shophouse,,0,8500000000.0
11,159,160.0,Mặt bằng kinh doanh,Hoàn thiện cơ bản,0,12000000000.0
13,326,450.0,Mặt bằng kinh doanh,,0,350000000.0
12,172,270.0,Mặt bằng kinh doanh,,0,6200000000.0
13,196,221.0,Mặt bằng kinh doanh,Nội thất đầy đủ,0,14000000000.0
12,170,160.0,Văn phòng,,0,25000000000.0
9,134,128.0,Văn phòng,,0,50000000000.0
16,238,196.0,Văn phòng,,0,38000000000.0
1,26,74.0,Văn phòng,Nội thất đầy đủ,0,3150000000.0
1,10,100.0,Mặt bằng kinh doanh,Nội thất đầy đủ,1,10600000000.0
22,322,115.0,Shophouse,Hoàn thiện cơ bản,0,5500000000.0
11,156,120.0,Mặt bằng kinh doanh,,0,11990000000.0
21,307,100.0,Mặt bằng kinh doanh,Hoàn thiện cơ bản,0,12000000000.0
9,130,67.0,Shophouse,Nội thất cao cấp,0,7900000000.0
1,11,100.0,Shophouse,Bàn giao thô,0,26000000000.0
12,170,225.0,Mặt bằng kinh doanh,Nội thất đầy đủ,0,12600000000.0
1,26,154.0,Mặt bằng kinh doanh,,0,19500000000.0
8,113,57.0,Shophouse,Hoàn thiện cơ bản,0,2836000000.0
3,52,55.0,Mặt bằng kinh doanh,,0,11500000000.0
13,197,80.0,Mặt bằng kinh doanh,,0,13500000000.0
1,3,72.0,Shophouse,,1,7000000000.0
12,168,500.0,Mặt bằng kinh doanh,Nội thất đầy đủ,0,35000000000.0
3,47,28.0,Mặt bằng kinh doanh,,0,4000000000.0
17,256,302.0,Shophouse,Bàn giao thô,0,2300000000.0
17,256,523.0,Shophouse,Bàn giao thô,0,47600000000.0
1,3,85.0,Shophouse,Bàn giao thô,0,23999000000.0
4,60,60.0,Mặt bằng kinh doanh,Nội thất cao cấp,0,18000000000.0
3,47,35.0,Mặt bằng kinh doanh,Hoàn thiện cơ bản,0,4750000000.0
13,178,32.2,Mặt bằng kinh doanh,Nội thất đầy đủ,0,5650000000.0
11,156,32.0,Mặt bằng kinh doanh,Nội thất cao cấp,1,1950000000.0
11,155,266.0,Mặt bằng kinh doanh,Hoàn thiện cơ bản,0,28000000000.0
1,26,87.0,Mặt bằng kinh doanh,,0,6400000000.0
21,317,240.0,Mặt bằng kinh doanh,,0,6500000000.0
16,249,200.0,Mặt bằng kinh doanh,,0,250000000.0
16,249,70.0,Mặt bằng kinh doanh,,0,190000000.0
17,258,120.0,Mặt bằng kinh doanh,,0,330000000.0
1,24,263.0,Mặt bằng kinh doanh,Nội thất cao cấp,0,13900000000.0
1,26,120.0,Mặt bằng kinh doanh,Nội thất đầy đủ,1,16899999999.999998
15,229,220.0,Mặt bằng kinh doanh,,0,38000000000.0
15,223,160.0,Mặt bằng kinh doanh,,0,42000000000.0
7,102,200.0,Mặt bằng kinh doanh,,0,950000000.0
2,42,91.0,Mặt bằng kinh doanh,,0,5400000000.0
16,333,140.0,Mặt bằng kinh doanh,Nội thất cao cấp,0,6300000000.0
1,11,96.0,Mặt bằng kinh doanh,,0,15300000000.0
1,5,95.0,Mặt bằng kinh doanh,,0,12500000000.0
1,19,110.0,Mặt bằng kinh doanh,,0,15000000000.0
8,110,60.0,Mặt bằng kinh doanh,Hoàn thiện cơ bản,0,11000000.0
2,328,86.0,Mặt bằng kinh doanh,,0,15900000000.0
12,165,120.0,Mặt bằng kinh doanh,,0,22000000000.0
1,19,108.0,Mặt bằng kinh doanh,,0,11000000000.0
17,257,50.0,Mặt bằng kinh doanh,,0,10000000000.0
16,333,140.0,Mặt bằng kinh doanh,,0,19500000000.0
1,21,110.0,Mặt bằng kinh doanh,Hoàn thiện cơ bản,0,9300000000.0
10,140,50.0,Mặt bằng kinh doanh,Nội thất cao cấp,0,20000000000.0
11,161,64.0,Mặt bằng kinh doanh,Nội thất cao cấp,0,150000000.0
17,253,10.0,Mặt bằng kinh doanh,Nội thất đầy đủ,0,12000000.0
9,137,36.0,Mặt bằng kinh doanh,,0,6500000000.0
14,213,40.0,Mặt bằng kinh doanh,,0,8500000.0
1,13,26.0,Shophouse,Hoàn thiện cơ bản,0,5000000000.0
20,297,155.0,Mặt bằng kinh doanh,,0,750000000.0
11,162,116.0,Shophouse,,0,6900000000.0
9,134,108.0,Mặt bằng kinh doanh,,0,27000000000.0
9,134,180.0,Mặt bằng kinh doanh,,0,37000000000.0
14,212,154.0,Mặt bằng kinh doanh,Nội thất cao cấp,0,250000000.0
17,256,100.0,Mặt bằng kinh doanh,Nội thất đầy đủ,0,160000000.0
16,249,200.0,Mặt bằng kinh doanh,Nội thất đầy đủ,0,250000000.0
11,161,320.0,Mặt bằng kinh doanh,,0,17500000000.0
1,18,199.2,Văn phòng,Hoàn thiện cơ bản,0,33000000000.0
1,24,95.0,Mặt bằng kinh doanh,,0,6300000000.0
12,163,64.0,Văn phòng,,0,6300000000.0
17,259,38.0,Mặt bằng kinh doanh,Hoàn thiện cơ bản,0,6000000000.0
11,162,400.0,Mặt bằng kinh doanh,,0,24500000000.0
21,317,546.0,Mặt bằng kinh doanh,Hoàn thiện cơ bản,0,13500000000.0
7,100,110.0,Mặt bằng kinh doanh,Nội thất cao cấp,0,36000000000.0
1,3,280.0,Shophouse,,0,16000000000.0
12,163,85.0,Shophouse,Hoàn thiện cơ bản,0,6200000000.0
17,255,120.0,Mặt bằng kinh doanh,,0,11500000000.0
11,161,180.0,Mặt bằng kinh doanh,,0,12500000000.0
8,112,151.0,Shophouse,Hoàn thiện cơ bản,0,5200000000.0
8,114,330.0,Mặt bằng kinh doanh,,0,46000000000.0
6,92,44.0,Văn phòng,,0,4990000000.0
1,24,130.0,Mặt bằng kinh doanh,,0,7900000000.0
17,259,74.0,Mặt bằng kinh doanh,,0,14000000000.0
11,156,250.0,Mặt bằng kinh doanh,Nội thất đầy đủ,0,300000000.0
1,19,100.0,Shophouse,Hoàn thiện cơ bản,0,3800000000.0
3,52,186.0,Mặt bằng kinh doanh,,0,51000000000.0
16,243,70.0,Mặt bằng kinh doanh,,0,6200000000.0
17,257,86.0,Mặt bằng kinh doanh,,0,14800000000.0
16,249,57.0,Mặt bằng kinh doanh,,0,13500000000.0
11,161,125.0,Mặt bằng kinh doanh,,0,8500000000.0
6,93,80.0,Mặt bằng kinh doanh,Nội thất đầy đủ,0,370000000.0
1,26,265.0,Văn phòng,Nội thất đầy đủ,0,30000000000.0
11,162,240.0,Mặt bằng kinh doanh,Hoàn thiện cơ bản,0,15000000000.0
9,127,45.0,Mặt bằng kinh doanh,Hoàn thiện cơ bản,0,11800000000.0
9,137,70.0,Mặt bằng kinh doanh,Nội thất đầy đủ,0,14300000000.0
6,92,76.0,Mặt bằng kinh doanh,,0,8000000000.0
6,92,70.0,Mặt bằng kinh doanh,,0,9000000000.0
12,171,320.0,Mặt bằng kinh doanh,,0,1400000000.0
6,92,75.0,Mặt bằng kinh doanh,,0,8000000000.0
3,329,174.3,Mặt bằng kinh doanh,,0,42000000000.0
14,218,148.0,Mặt bằng kinh doanh,Nội thất cao cấp,0,24000000000.0
17,257,115.0,Mặt bằng kinh doanh,,0,180000000.0
1,3,43.0,Officetel,Nội thất đầy đủ,0,2500000000.0
17,251,98.0,Shophouse,Hoàn thiện cơ bản,1,8199999999.999999
1,26,200.0,Shophouse,Hoàn thiện cơ bản,0,8300000000.000001
11,156,56.0,Mặt bằng kinh doanh,,0,6290000000.0
1,11,50.0,Shophouse,Hoàn thiện cơ bản,0,8000000000.0
1,11,197.76,Shophouse,Bàn giao thô,0,32395000000.000004
15,229,225.0,Văn phòng,,0,45500000000.0
9,137,216.0,Mặt bằng kinh doanh,,0,38000000000.0
2,38,81.0,Mặt bằng kinh doanh,,0,8000000000.0
12,167,300.0,Mặt bằng kinh doanh,,0,2500000000.0
6,93,68.0,Văn phòng,,0,11500000000.0
1,13,73.0,Shophouse,,0,2500000000.0
3,54,132.0,Mặt bằng kinh doanh,,0,32000000000.0
9,137,550.0,Mặt bằng kinh doanh,,0,36000000000.0
12,164,80.0,Mặt bằng kinh doanh,,0,12900000000.0
16,250,100.0,Mặt bằng kinh doanh,Nội thất đầy đủ,0,250000000.0
22,322,50.0,Shophouse,Hoàn thiện cơ bản,0,2300000000.0
12,172,120.0,Shophouse,,0,2900000000.0
17,255,187.0,Mặt bằng kinh doanh,Nội thất đầy đủ,0,350000000.0
17,251,128.0,Mặt bằng kinh doanh,,0,22000000000.0
1,28,270.0,Mặt bằng kinh doanh,,0,35500000000.0
12,165,100.0,Mặt bằng kinh doanh,Nội thất cao cấp,0,9800000000.0
12,167,450.0,Mặt bằng kinh doanh,,0,550000000.0
1,25,186.5,Mặt bằng kinh doanh,,0,30000000000.0
1,26,175.0,Mặt bằng kinh doanh,Nội thất đầy đủ,0,35000000000.0
1,24,205.0,Mặt bằng kinh doanh,,0,13000000000.0
20,298,240.0,Mặt bằng kinh doanh,,1,720000000.0
9,137,300.0,Mặt bằng kinh doanh,Nội thất đầy đủ,0,1600000000.0
8,108,70.0,Mặt bằng kinh doanh,Hoàn thiện cơ bản,0,14000000000.0
16,241,50.0,Mặt bằng kinh doanh,Nội thất đầy đủ,0,70000000.0
1,30,163.0,Mặt bằng kinh doanh,Hoàn thiện cơ bản,0,17000000000.0
7,98,32.0,Mặt bằng kinh doanh,Hoàn thiện cơ bản,0,2300000000.0
9,137,63.0,Mặt bằng kinh doanh,,0,1600000000.0
1,13,60.0,Shophouse,,0,10000000000.0
17,251,112.0,Mặt bằng kinh doanh,,0,10600000000.0
12,169,152.0,Mặt bằng kinh doanh,,0,16300000000.0
12,168,360.0,Mặt bằng kinh doanh,,0,18000000000.0
18,265,105.0,Shophouse,Hoàn thiện cơ bản,0,8600000000.0
18,265,78.0,Shophouse,Hoàn thiện cơ bản,0,4200000000.0
1,31,338.0,Mặt bằng kinh doanh,,0,48000000000.0
17,261,105.0,Shophouse,,0,4250000000.0
17,252,36.0,Mặt bằng kinh doanh,,0,200000000.0
1,19,100.0,Mặt bằng kinh doanh,Bàn giao thô,0,14500000000.0
1,19,140.0,Mặt bằng kinh doanh,,0,11700000000.0
7,104,80.0,Mặt bằng kinh doanh,Hoàn thiện cơ bản,0,850000000.0
17,261,120.0,Mặt bằng kinh doanh,,0,110000000.0
16,250,240.0,Mặt bằng kinh doanh,,0,950000000.0
12,167,200.0,Mặt bằng kinh doanh,Nội thất đầy đủ,0,400000000.0
14,209,400.0,Mặt bằng kinh doanh,,0,1000000000.0
1,21,111.0,Mặt bằng kinh doanh,,0,13700000000.0
11,160,207.0,Mặt bằng kinh doanh,Hoàn thiện cơ bản,0,24900000000.0
13,194,200.0,Mặt bằng kinh doanh,Nội thất đầy đủ,0,1000000000.0
1,13,70.0,Shophouse,Nội thất đầy đủ,0,19500000000.0
17,252,101.0,Văn phòng,Nội thất cao cấp,0,22000000000.0
18,265,60.0,Shophouse,Bàn giao thô,1,8100000000.0
1,17,90.0,Mặt bằng kinh doanh,Hoàn thiện cơ bản,0,10500000000.0
1,19,450.0,Mặt bằng kinh doanh,,0,300000000.0
9,135,15.0,Mặt bằng kinh doanh,,1,2680000000.0
7,101,41.76,Mặt bằng kinh doanh,Hoàn thiện cơ bản,0,5500000000.0
1,4,300.0,Mặt bằng kinh doanh,,0,1300000000.0
18,276,450.0,Mặt bằng kinh doanh,,0,230000000.0
18,271,400.0,Mặt bằng kinh doanh,,0,350000000.0
1,3,300.0,Mặt bằng kinh doanh,,0,1100000000.0
21,313,300.0,Mặt bằng kinh doanh,,0,120000000.0
21,314,150.0,Mặt bằng kinh doanh,,0,220000000.0
1,3,320.0,Mặt bằng kinh doanh,,0,1100000000.0
14,213,200.0,Mặt bằng kinh doanh,,0,480000000.0
20,296,520.0,Mặt bằng kinh doanh,,0,1900000000.0
17,257,72.0,Mặt bằng kinh doanh,Hoàn thiện cơ bản,0,8400000000.0
1,25,93.7,Mặt bằng kinh doanh,Nội thất đầy đủ,0,18000000000.0
2,327,137.0,Văn phòng,,0,42000000000.0
1,25,142.0,Mặt bằng kinh doanh,,0,19500000000.0
1,25,136.0,Mặt bằng kinh doanh,,0,19000000000.0
1,26,84.0,Mặt bằng kinh doanh,,0,12500000000.0
1,20,92.0,Mặt bằng kinh doanh,,0,9800000000.0
1,27,255.0,Mặt bằng kinh doanh,,0,24500000000.0
1,26,133.4,Mặt bằng kinh doanh,Nội thất đầy đủ,0,20000000000.0
1,4,249.0,Mặt bằng kinh doanh,,0,34000000000.0
17,251,128.0,Mặt bằng kinh doanh,,0,22000000000.0
9,137,300.0,Mặt bằng kinh doanh,Nội thất đầy đủ,0,1600000000.0
21,307,200.0,Mặt bằng kinh doanh,,0,15900000000.0
21,307,438.0,Mặt bằng kinh doanh,,1,17500000000.0
2,43,87.0,Văn phòng,Nội thất cao cấp,0,52000000000.0
12,163,180.0,Officetel,Nội thất cao cấp,0,8500000000.0
1,22,100.0,Mặt bằng kinh doanh,Nội thất đầy đủ,0,12500000000.0
8,112,151.8,Shophouse,Hoàn thiện cơ bản,0,1200000000.0
9,134,160.0,Mặt bằng kinh doanh,,0,45000000000.0
15,223,110.0,Mặt bằng kinh doanh,,0,36000000000.0
3,54,81.0,Mặt bằng kinh doanh,,0,27500000000.0
3,53,50.0,Mặt bằng kinh doanh,Nội thất đầy đủ,0,40000000.0
22,324,140.0,Mặt bằng kinh doanh,Nội thất đầy đủ,0,21000000000.0
1,25,36.0,Mặt bằng kinh doanh,,0,120000000.0
9,137,230.0,Mặt bằng kinh doanh,Nội thất đầy đủ,0,1600000000.0
14,206,240.0,Mặt bằng kinh doanh,,1,1250000000.0
11,156,100.0,Mặt bằng kinh doanh,Nội thất đầy đủ,0,7590000000.0
9,137,250.0,Mặt bằng kinh doanh,,0,1600000000.0
13,197,70.0,Shophouse,,0,10800000000.0
13,191,79.0,Mặt bằng kinh doanh,,0,14500000000.0
13,200,150.0,Mặt bằng kinh doanh,,0,700000000.0
13,190,20.0,Mặt bằng kinh doanh,Hoàn thiện cơ bản,0,4000000.0
1,11,164.0,Mặt bằng kinh doanh,Hoàn thiện cơ bản,0,10000000000.0
11,162,160.0,Mặt bằng kinh doanh,,1,26000000000.0
1,17,160.0,Mặt bằng kinh doanh,,0,23000000000.0
17,252,300.0,Mặt bằng kinh doanh,Nội thất đầy đủ,0,600000000.0
1,18,236.0,Mặt bằng kinh doanh,Hoàn thiện cơ bản,0,45000000000.0
1,11,70.0,Shophouse,,0,10000000000.0
17,253,78.0,Mặt bằng kinh doanh,,0,21000000.0
16,249,70.0,Mặt bằng kinh doanh,,0,220000000.0
18,277,550.0,Mặt bằng kinh doanh,,0,14500000000.0
6,86,80.0,Mặt bằng kinh doanh,,0,14000000000.0
11,161,60.0,Mặt bằng kinh doanh,,0,5290000000.0
17,259,81.2,Mặt bằng kinh doanh,Nội thất đầy đủ,0,14000000.0
13,197,91.0,Mặt bằng kinh doanh,,0,17650000000.0
6,95,81.0,Mặt bằng kinh doanh,Nội thất đầy đủ,0,12500000000.0
11,161,85.0,Mặt bằng kinh doanh,,0,6500000000.0
3,329,117.0,Mặt bằng kinh doanh,,0,35000000000.0
2,327,110.0,Mặt bằng kinh doanh,,0,42000000000.0
1,23,264.0,Mặt bằng kinh doanh,Hoàn thiện cơ bản,0,17800000000.0
12,168,400.0,Mặt bằng kinh doanh,Nội thất đầy đủ,0,400000000.0
8,113,146.0,Shophouse,Hoàn thiện cơ bản,0,5800000000.0
12,169,192.0,Mặt bằng kinh doanh,,0,33000000000.0
12,165,76.5,Mặt bằng kinh doanh,,0,5400000000.0
14,212,150.0,Mặt bằng kinh doanh,Nội thất cao cấp,0,250000000.0
22,323,240.0,Shophouse,Hoàn thiện cơ bản,0,5600000000.0
12,167,180.0,Mặt bằng kinh doanh,Nội thất đầy đủ,0,120000000.0
12,164,210.0,Mặt bằng kinh doanh,,0,16000000000.0
8,112,151.0,Shophouse,Hoàn thiện cơ bản,1,5200000000.0
2,42,106.0,Mặt bằng kinh doanh,,0,27000000000.0
17,254,140.0,Mặt bằng kinh doanh,,0,16000000000.0
1,32,56.0,Mặt bằng kinh doanh,,0,3000000000.0
8,112,151.0,Mặt bằng kinh doanh,Hoàn thiện cơ bản,0,6600000000.0
8,113,78.99,Shophouse,Hoàn thiện cơ bản,0,4400000000.0
14,211,16.0,Mặt bằng kinh doanh,Nội thất đầy đủ,0,9000000.0
1,35,80.0,Shophouse,,0,6000000000.0
8,112,151.0,Shophouse,,1,5000000000.0
7,102,150.0,Mặt bằng kinh doanh,Nội thất cao cấp,0,26000000000.0
17,259,92.0,Mặt bằng kinh doanh,Nội thất cao cấp,0,13600000000.0
1,17,168.0,Mặt bằng kinh doanh,Nội thất cao cấp,1,25500000000.0
1,13,45.0,Shophouse,,0,5700000000.0
21,308,182.0,Mặt bằng kinh doanh,,0,6500000000.0
1,17,90.0,Mặt bằng kinh doanh,Hoàn thiện cơ bản,0,10500000000.0
14,205,200.0,Mặt bằng kinh doanh,Nội thất cao cấp,0,35000000.0
1,19,150.0,Mặt bằng kinh doanh,,0,7900000000.0
13,200,132.0,Văn phòng,Nội thất cao cấp,0,20800000000.0
13,193,300.0,Mặt bằng kinh doanh,,0,650000000.0
14,210,400.0,Mặt bằng kinh doanh,Nội thất đầy đủ,0,1000000000.0
13,190,15.0,Mặt bằng kinh doanh,,0,8000000.0
1,17,160.0,Mặt bằng kinh doanh,Nội thất cao cấp,1,23000000000.0
18,269,500.0,Mặt bằng kinh doanh,,0,21000000000.0
1,28,138.0,Mặt bằng kinh doanh,,0,8900000000.0
6,87,30.0,Mặt bằng kinh doanh,Nội thất đầy đủ,0,35000000.0
9,135,132.0,Mặt bằng kinh doanh,,0,45000000000.0
14,218,68.0,Shophouse,Hoàn thiện cơ bản,0,2200000000.0
1,3,106.0,Shophouse,Bàn giao thô,0,26000000000.0
1,13,438.0,Mặt bằng kinh doanh,Bàn giao thô,0,22000000000.0
1,3,132.0,Shophouse,Bàn giao thô,0,22000000000.0
1,13,437.7,Mặt bằng kinh doanh,Bàn giao thô,0,21556000000.0
11,162,200.0,Mặt bằng kinh doanh,,0,13900000000.0
11,160,462.0,Mặt bằng kinh doanh,,0,32000000000.0
11,155,38.0,Mặt bằng kinh doanh,,0,3690000000.0
16,240,240.0,Mặt bằng kinh doanh,Nội thất cao cấp,0,50000000000.0
11,157,122.0,Mặt bằng kinh doanh,Nội thất cao cấp,0,14500000000.0
11,156,60.6,Mặt bằng kinh doanh,,0,6800000000.0
7,106,390.0,Shophouse,Bàn giao thô,0,18000000000.0
1,22,160.0,Mặt bằng kinh doanh,,0,12500000000.0
9,134,144.0,Mặt bằng kinh doanh,,0,35000000000.0
14,212,150.0,Mặt bằng kinh doanh,Nội thất đầy đủ,0,20000000000.0
11,156,60.6,Mặt bằng kinh doanh,,0,6800000000.0
8,112,150.0,Shophouse,,0,5500000000.0
17,259,100.0,Mặt bằng kinh doanh,Nội thất cao cấp,0,13600000000.0
8,112,151.24,Shophouse,Hoàn thiện cơ bản,0,5200000000.0
9,126,70.0,Mặt bằng kinh doanh,,1,25000000000.0
11,159,50.0,Mặt bằng kinh doanh,,0,5000000000.0
11,155,194.0,Shophouse,,0,11900000000.0
17,255,78.0,Mặt bằng kinh doanh,Nội thất đầy đủ,0,280000000.0
17,259,200.0,Mặt bằng kinh doanh,Nội thất đầy đủ,0,360000000.0
8,112,151.0,Shophouse,Hoàn thiện cơ bản,0,1850000000.0
14,208,38.0,Mặt bằng kinh doanh,,0,6600000000.0
1,27,180.0,Văn phòng,,0,31000000000.0
1,27,133.0,Văn phòng,,0,30000000000.0
1,27,170.0,Văn phòng,,0,31000000000.0
1,19,99.0,Mặt bằng kinh doanh,Hoàn thiện cơ bản,0,14500000000.0
17,256,274.0,Shophouse,Bàn giao thô,0,28000000000.0
11,159,250.0,Mặt bằng kinh doanh,,0,20500000000.0
14,212,184.0,Mặt bằng kinh doanh,Nội thất đầy đủ,0,449000000.0
17,252,192.0,Mặt bằng kinh doanh,Nội thất đầy đủ,0,600000000.0
11,162,116.0,Shophouse,Nội thất cao cấp,0,7000000000.0
1,33,88.0,Mặt bằng kinh doanh,,0,8600000000.0
1,33,120.0,Mặt bằng kinh doanh,,0,11200000000.0
17,258,128.0,Mặt bằng kinh doanh,Nội thất đầy đủ,0,15990000000.0
6,93,100.0,Mặt bằng kinh doanh,,1,33000000000.0
10,152,50.0,Mặt bằng kinh doanh,Nội thất đầy đủ,0,90000000.0
0,0,60.0,Mặt bằng kinh doanh,,0,24000000000.0
15,230,70.0,Mặt bằng kinh doanh,Nội thất đầy đủ,0,129000000.0
17,256,400.0,Mặt bằng kinh doanh,Nội thất đầy đủ,0,690000000.0
1,11,154.0,Mặt bằng kinh doanh,Nội thất đầy đủ,1,10500000000.0
13,179,300.0,Mặt bằng kinh doanh,Nội thất cao cấp,0,42000000000.0
8,113,156.0,Shophouse,,0,7800000000.0
1,6,60.0,Shophouse,Hoàn thiện cơ bản,0,3200000000.0
11,157,75.0,Mặt bằng kinh doanh,Hoàn thiện cơ bản,0,5500000000.0
16,238,55.0,Mặt bằng kinh doanh,,0,12000000000.0
7,104,75.0,Mặt bằng kinh doanh,Nội thất cao cấp,0,19500000000.0
3,48,189.0,Mặt bằng kinh doanh,,1,52500000000.0
9,134,260.0,Mặt bằng kinh doanh,,0,52000000000.0
0,0,300.0,Mặt bằng kinh doanh,,0,20000000000.0
15,223,240.0,Mặt bằng kinh doanh,,0,49500000000.0
1,35,57.0,Shophouse,Hoàn thiện cơ bản,0,4000000000.0
22,322,52.0,Shophouse,,0,2400000000.0
11,154,400.0,Mặt bằng kinh doanh,Nội thất cao cấp,0,10400000000.0
11,160,110.0,Shophouse,,0,2490000000.0
22,322,50.0,Shophouse,Hoàn thiện cơ bản,0,2400000000.0
12,164,38.0,Mặt bằng kinh doanh,Nội thất đầy đủ,1,70000000.0
1,30,251.0,Mặt bằng kinh doanh,Nội thất đầy đủ,1,35000000000.0
8,112,151.0,Shophouse,Hoàn thiện cơ bản,0,4990000000.0
1,30,201.0,Mặt bằng kinh doanh,Hoàn thiện cơ bản,0,12000000000.0
21,314,100.0,Mặt bằng kinh doanh,,1,250000000.0
21,317,400.0,Mặt bằng kinh doanh,Nội thất đầy đủ,0,760000000.0
1,26,133.0,Mặt bằng kinh doanh,,0,20000000000.0
17,258,543.0,Mặt bằng kinh doanh,,0,52000000000.0
11,331,78.0,Mặt bằng kinh doanh,Nội thất đầy đủ,0,5800000000.0
12,169,105.0,Mặt bằng kinh doanh,,0,9200000000.0
8,112,150.0,Shophouse,,0,5700000000.0
1,25,150.0,Mặt bằng kinh doanh,,0,22500000000.0
12,163,185.0,Shophouse,,0,12500000000.0
1,21,199.0,Mặt bằng kinh doanh,,0,12000000000.0
11,162,240.0,Mặt bằng kinh doanh,,0,15000000000.0
16,249,190.0,Mặt bằng kinh doanh,Nội thất cao cấp,0,24500000000.0
8,113,156.0,Shophouse,Hoàn thiện cơ bản,0,7800000000.0
13,192,80.0,Mặt bằng kinh doanh,,0,19500000000.0
12,167,422.0,Mặt bằng kinh doanh,,0,15000000000.0
1,19,89.0,Mặt bằng kinh doanh,Nội thất cao cấp,0,9000000000.0
1,21,94.65,Mặt bằng kinh doanh,Nội thất đầy đủ,0,7300000000.0
17,254,28.0,Mặt bằng kinh doanh,Nội thất cao cấp,0,50000000.0
16,250,11.0,Mặt bằng kinh doanh,Nội thất đầy đủ,0,35000000000.0
11,156,200.0,Mặt bằng kinh doanh,,0,17500000000.0
11,331,200.0,Mặt bằng kinh doanh,,0,180000000.0
12,170,80.0,Mặt bằng kinh doanh,,0,9500000000.0
12,166,192.0,Mặt bằng kinh doanh,,0,33000000000.0
13,191,240.0,Văn phòng,,1,37900000000.0
10,152,70.0,Mặt bằng kinh doanh,,0,25000000.0
9,127,53.9,Mặt bằng kinh doanh,Bàn giao thô,0,13000000000.0
11,156,92.0,Mặt bằng kinh doanh,,0,11000000000.0
9,134,143.0,Mặt bằng kinh doanh,,1,35000000000.0
8,113,46.0,Mặt bằng kinh doanh,Bàn giao thô,0,1700000000.0
2,42,149.0,Shophouse,Nội thất đầy đủ,0,49000000000.0
3,329,162.0,Văn phòng,Nội thất đầy đủ,0,47000000000.0
3,47,96.0,Mặt bằng kinh doanh,,0,6800000000.0
1,35,227.0,Mặt bằng kinh doanh,,1,34500000000.0
22,323,240.0,Shophouse,Hoàn thiện cơ bản,0,5500000000.0
13,192,350.0,Mặt bằng kinh doanh,Nội thất đầy đủ,0,400000000.0
16,238,130.0,Mặt bằng kinh doanh,,1,19000000000.0
1,19,125.0,Mặt bằng kinh doanh,Nội thất đầy đủ,0,11900000000.0
14,218,200.0,Mặt bằng kinh doanh,,0,20000000.0
15,234,180.0,Mặt bằng kinh doanh,,0,49000000000.0
3,329,130.0,Mặt bằng kinh doanh,,1,37000000000.0
13,188,80.0,Mặt bằng kinh doanh,Nội thất đầy đủ,0,350000000.0
16,238,130.0,Văn phòng,,0,39000000000.0
17,259,150.0,Mặt bằng kinh doanh,Nội thất đầy đủ,0,390000000.0
17,261,96.0,Mặt bằng kinh doanh,Nội thất đầy đủ,0,220000000.0
16,249,116.0,Mặt bằng kinh doanh,Nội thất đầy đủ,0,200000000.0
17,256,400.0,Mặt bằng kinh doanh,Nội thất đầy đủ,0,800000000.0
16,249,70.0,Mặt bằng kinh doanh,Nội thất đầy đủ,0,170000000.0
21,316,90.0,Mặt bằng kinh doanh,,0,4250000000.0
14,206,370.0,Mặt bằng kinh doanh,Nội thất đầy đủ,0,1200000000.0
17,256,100.0,Mặt bằng kinh doanh,Nội thất đầy đủ,0,160000000.0
1,31,209.0,Mặt bằng kinh doanh,Nội thất đầy đủ,0,650000000.0
4,56,18.0,Văn phòng,Hoàn thiện cơ bản,0,1350000000.0
17,251,80.0,Mặt bằng kinh doanh,,0,280000000.0
1,22,156.0,Mặt bằng kinh doanh,Hoàn thiện cơ bản,0,14500000000.0
6,95,100.0,Mặt bằng kinh doanh,,0,300000000.0
3,47,250.0,Mặt bằng kinh doanh,,0,36000000000.0
15,236,280.0,Mặt bằng kinh doanh,,0,52000000000.0
1,30,322.0,Mặt bằng kinh doanh,,1,40900000000.0
3,54,110.0,Mặt bằng kinh doanh,,0,27000000000.0
1,3,121.0,Mặt bằng kinh doanh,Hoàn thiện cơ bản,0,16000000000.0
0,0,47.0,Mặt bằng kinh doanh,,0,9500000000.0
18,277,250.0,Mặt bằng kinh doanh,,0,7200000000.0
11,162,90.0,Mặt bằng kinh doanh,,1,9000000000.0
2,327,90.0,Mặt bằng kinh doanh,,0,25000000000.0
15,232,120.0,Mặt bằng kinh doanh,,0,14200000000.0
12,163,72.0,Shophouse,,0,2700000000.0
11,331,62.0,Mặt bằng kinh doanh,Nội thất cao cấp,0,10300000000.0
8,110,35.0,Mặt bằng kinh doanh,,0,8500000.0
13,199,55.5,Shophouse,Hoàn thiện cơ bản,0,5250000000.0
17,253,70.0,Mặt bằng kinh doanh,Nội thất đầy đủ,0,170000000.0
16,248,156.0,Officetel,Nội thất đầy đủ,0,37200000000.0
1,16,100.0,Mặt bằng kinh doanh,Nội thất cao cấp,0,8900000000.0
12,164,200.0,Mặt bằng kinh doanh,,0,11000000000.0
5,75,62.8,Mặt bằng kinh doanh,,0,22000000000.0
16,248,75.2,Mặt bằng kinh doanh,,0,175000000.0
16,250,73.0,Mặt bằng kinh doanh,,1,10780000000.0
16,246,77.0,Mặt bằng kinh doanh,,1,15600000000.0
1,17,90.0,Mặt bằng kinh doanh,Hoàn thiện cơ bản,0,10800000000.0
11,162,58.8,Shophouse,Bàn giao thô,0,8199999999.999999
13,200,100.0,Mặt bằng kinh doanh,Nội thất đầy đủ,0,190000000.0
17,251,78.0,Mặt bằng kinh doanh,Nội thất đầy đủ,0,250000000.0
1,3,119.0,Mặt bằng kinh doanh,Hoàn thiện cơ bản,0,80000000.0
1,27,385.0,Văn phòng,,0,25500000000.0
2,328,54.0,Shophouse,,0,23000000000.0
12,166,82.0,Mặt bằng kinh doanh,Nội thất đầy đủ,0,6050000000.0
2,328,180.0,Mặt bằng kinh doanh,,0,40000000000.0
2,36,49.0,Mặt bằng kinh doanh,,1,12000000000.0
9,124,45.0,Mặt bằng kinh doanh,,0,8000000000.0
9,131,40.0,Mặt bằng kinh doanh,,0,5559000000.0
9,133,30.0,Mặt bằng kinh doanh,,0,7590000000.0
12,165,80.0,Mặt bằng kinh doanh,Nội thất đầy đủ,0,7090000000.0
11,161,200.0,Mặt bằng kinh doanh,Hoàn thiện cơ bản,0,21000000.0
17,261,150.0,Mặt bằng kinh doanh,,0,23000000.0
1,10,100.0,Mặt bằng kinh doanh,Hoàn thiện cơ bản,0,120000000.0
3,47,72.0,Mặt bằng kinh doanh,Nội thất đầy đủ,0,65000000.0
13,189,40.0,Mặt bằng kinh doanh,Nội thất đầy đủ,0,120000000.0
10,152,70.0,Mặt bằng kinh doanh,Nội thất đầy đủ,0,220000000.0
17,256,400.0,Mặt bằng kinh doanh,Nội thất đầy đủ,0,440000000.0
17,253,200.0,Mặt bằng kinh doanh,Nội thất đầy đủ,0,300000000.0
11,156,480.0,Mặt bằng kinh doanh,Nội thất đầy đủ,0,12990000000.0
1,33,24.0,Mặt bằng kinh doanh,,0,1599000000.0
21,317,500.0,Mặt bằng kinh doanh,,0,15000000000.0
17,261,48.0,Mặt bằng kinh doanh,,0,14000000.0
13,192,85.0,Mặt bằng kinh doanh,,0,20200000000.0
1,32,70.0,Mặt bằng kinh doanh,,1,8700000000.0
21,314,200.0,Mặt bằng kinh doanh,,0,1000000000.0
12,164,108.0,Mặt bằng kinh doanh,Nội thất đầy đủ,0,200000000.0
1,7,35.0,Mặt bằng kinh doanh,Nội thất đầy đủ,0,20000000.0
1,8,84.0,Mặt bằng kinh doanh,Nội thất đầy đủ,0,750000000.0
21,308,40.0,Mặt bằng kinh doanh,Hoàn thiện cơ bản,0,35000000.0
16,333,105.0,Mặt bằng kinh doanh,,0,11500000000.0
9,127,50.0,Mặt bằng kinh doanh,,0,16000000000.0
17,251,400.0,Mặt bằng kinh doanh,,0,1400000000.0
17,251,400.0,Mặt bằng kinh doanh,,0,950000000.0
17,258,200.0,Mặt bằng kinh doanh,,0,280000000.0
14,218,200.0,Mặt bằng kinh doanh,,0,400000000.0
3,329,110.0,Mặt bằng kinh doanh,,1,40000000000.0
1,32,80.0,Mặt bằng kinh doanh,,0,6700000000.0
1,26,204.0,Shophouse,Hoàn thiện cơ bản,1,7900000000.0
7,104,42.0,Mặt bằng kinh doanh,,0,12700000000.0
2,40,30.0,Mặt bằng kinh doanh,,0,4800000000.0
11,154,208.0,Mặt bằng kinh doanh,,0,13000000000.0
18,276,112.0,Mặt bằng kinh doanh,Hoàn thiện cơ bản,0,5800000000.0
2,42,120.0,Mặt bằng kinh doanh,,0,380000000.0
11,160,240.0,Mặt bằng kinh doanh,,0,30000000.0
17,255,400.0,Mặt bằng kinh doanh,,0,1400000000.0
17,261,100.0,Mặt bằng kinh doanh,,0,23000000.0
11,157,60.0,Mặt bằng kinh doanh,Nội thất đầy đủ,0,80000000.0
18,276,142.0,Mặt bằng kinh doanh,,0,5500000000.0
1,7,54.0,Mặt bằng kinh doanh,,1,13500000000.0
3,329,95.0,Mặt bằng kinh doanh,,0,26000000000.0
6,92,160.0,Shophouse,,0,14000000000.0
7,104,500.0,Mặt bằng kinh doanh,Hoàn thiện cơ bản,0,15500000000.0
9,134,99.0,Mặt bằng kinh doanh,,0,25000000000.0
11,157,80.0,Mặt bằng kinh doanh,,0,5500000000.0
9,135,123.2,Mặt bằng kinh doanh,,0,31000000000.0
12,163,250.0,Mặt bằng kinh doanh,,0,15900000000.0
15,223,99.0,Mặt bằng kinh doanh,,1,26700000000.0
3,48,102.0,Mặt bằng kinh doanh,,0,34500000000.0
8,112,151.0,Shophouse,Hoàn thiện cơ bản,0,5180000000.0
1,35,60.0,Shophouse,,0,300000000.0
11,161,180.0,Mặt bằng kinh doanh,Nội thất đầy đủ,0,50000000.0
12,168,420.0,Mặt bằng kinh doanh,Nội thất đầy đủ,0,600000000.0
17,261,96.0,Mặt bằng kinh doanh,Nội thất đầy đủ,0,110000000.0
12,163,310.0,Shophouse,,0,17500000000.0
12,163,250.0,Shophouse,,0,16000000000.0
12,163,238.0,Shophouse,,0,15500000000.0
12,168,340.0,Mặt bằng kinh doanh,,0,13000000000.0
3,329,60.0,Mặt bằng kinh doanh,,1,14000000000.0
7,104,35.0,Mặt bằng kinh doanh,Nội thất đầy đủ,0,95000000.0
21,317,500.0,Mặt bằng kinh doanh,,1,12000000000.0
0,0,288.1,Mặt bằng kinh doanh,Nội thất cao cấp,0,11350000000.0
6,86,17.0,Văn phòng,,0,2150000000.0
11,160,180.0,Mặt bằng kinh doanh,,0,12800000000.0
11,162,281.0,Mặt bằng kinh doanh,Nội thất đầy đủ,1,11000000000.0
16,249,250.0,Mặt bằng kinh doanh,,0,290000000.0
11,155,96.0,Mặt bằng kinh doanh,Hoàn thiện cơ bản,0,9790000000.0
11,158,80.0,Mặt bằng kinh doanh,Nội thất đầy đủ,0,8700000000.0
10,152,70.0,Mặt bằng kinh doanh,,0,25000000.0
15,231,95.4,Mặt bằng kinh doanh,,0,23000000000.0
3,329,25.0,Mặt bằng kinh doanh,,0,25000000.0
12,167,10.0,Mặt bằng kinh doanh,,0,30000000.0
14,204,37.0,Mặt bằng kinh doanh,Hoàn thiện cơ bản,0,6700000000.0
0,0,400.0,Mặt bằng kinh doanh,,0,21000000000.0
1,7,54.0,Mặt bằng kinh doanh,,0,13500000000.0
11,156,108.0,Mặt bằng kinh doanh,,0,8790000000.0
8,112,190.0,Shophouse,,0,9900000000.0
14,208,120.0,Mặt bằng kinh doanh,Hoàn thiện cơ bản,0,26000000000.0
10,141,75.0,Mặt bằng kinh doanh,Hoàn thiện cơ bản,0,18900000000.0
17,260,100.0,Shophouse,Nội thất đầy đủ,1,100000000.0
1,32,69.0,Mặt bằng kinh doanh,Nội thất cao cấp,0,5600000000.0
7,103,11.0,Mặt bằng kinh doanh,,0,230000000.0
7,103,10.0,Mặt bằng kinh doanh,,0,220000000.0
1,0,50.0,Mặt bằng kinh doanh,,0,850000000.0
1,33,120.0,Mặt bằng kinh doanh,Hoàn thiện cơ bản,0,9800000000.0
3,51,30.0,Mặt bằng kinh doanh,Hoàn thiện cơ bản,0,5000000000.0
11,161,255.0,Mặt bằng kinh doanh,,0,16500000000.0
2,36,120.0,Mặt bằng kinh doanh,Nội thất đầy đủ,0,750000000.0
17,259,120.0,Mặt bằng kinh doanh,Hoàn thiện cơ bản,0,17000000000.0
9,126,24.0,Mặt bằng kinh doanh,Nội thất đầy đủ,0,968000000.0
21,314,300.0,Mặt bằng kinh doanh,,0,380000000.0
17,257,52.0,Mặt bằng kinh doanh,Hoàn thiện cơ bản,0,7000000.0
16,249,10.0,Mặt bằng kinh doanh,,0,35000000.0
11,331,230.0,Mặt bằng kinh doanh,,0,11500000000.0
18,276,80.0,Mặt bằng kinh doanh,,0,15500000000.0
3,47,30.0,Mặt bằng kinh doanh,,0,60000000.0
16,333,124.0,Mặt bằng kinh doanh,Nội thất đầy đủ,0,135000000.0
0,0,54.0,Mặt bằng kinh doanh,,0,150000000.0
6,94,60.0,Mặt bằng kinh doanh,,1,2875000000.0
21,313,75.0,Mặt bằng kinh doanh,Nội thất đầy đủ,0,2000000000.0
20,285,499.0,Mặt bằng kinh doanh,Hoàn thiện cơ bản,0,1150000000.0
16,249,461.5,Shophouse,Nội thất đầy đủ,0,29500000000.0
17,257,56.13,Mặt bằng kinh doanh,,0,230000000.0
8,112,151.0,Shophouse,Hoàn thiện cơ bản,0,1500000000.0
15,230,80.0,Mặt bằng kinh doanh,Bàn giao thô,0,21000000.0
11,154,110.0,Mặt bằng kinh doanh,,0,7500000000.0
16,246,112.0,Mặt bằng kinh doanh,,1,130000000.0
1,11,197.77,Shophouse,Hoàn thiện cơ bản,0,29540000000.0
18,276,266.0,Mặt bằng kinh doanh,Hoàn thiện cơ bản,0,14000000000.0
1,11,148.73,Shophouse,Hoàn thiện cơ bản,0,24500000000.0
18,276,280.0,Mặt bằng kinh doanh,,0,2200000000.0
18,271,100.0,Mặt bằng kinh doanh,Nội thất đầy đủ,0,10500000000.0
7,103,220.0,Mặt bằng kinh doanh,Nội thất đầy đủ,0,1450000000.0
17,256,60.0,Mặt bằng kinh doanh,Nội thất đầy đủ,1,6000000.0
0,0,500.0,Văn phòng,Nội thất đầy đủ,0,18800000000.0
1,8,300.0,Mặt bằng kinh doanh,,0,1500000000.0
9,135,32.0,Mặt bằng kinh doanh,,1,1000000000.0
8,112,120.0,Shophouse,,0,720000000.0
1,13,50.0,Shophouse,,0,7000000000.0
1,21,200.0,Mặt bằng kinh doanh,Nội thất đầy đủ,0,2000000.0
21,313,200.0,Mặt bằng kinh doanh,Nội thất đầy đủ,0,8000000.0
15,229,137.0,Văn phòng,,0,27000000000.0
8,112,151.0,Shophouse,Hoàn thiện cơ bản,0,5800000000.0
17,256,72.0,Shophouse,,0,65000000.0
9,137,108.0,Mặt bằng kinh doanh,,0,26000000000.0
22,322,200.0,Mặt bằng kinh doanh,,0,10300000000.0
1,26,242.0,Mặt bằng kinh doanh,,0,22000000000.0
14,208,120.0,Mặt bằng kinh doanh,,0,100000000.0
0,0,20.0,Mặt bằng kinh doanh,,0,25000000.0
3,49,18.0,Mặt bằng kinh doanh,,1,9000000.0
12,170,35.0,Mặt bằng kinh doanh,Nội thất đầy đủ,0,150000000.0
12,165,40.0,Mặt bằng kinh doanh,,0,3500000000.0
0,0,60.0,Mặt bằng kinh doanh,Nội thất đầy đủ,0,180000000.0
15,232,12.0,Shophouse,,0,3300000000.0
7,101,90.0,Mặt bằng kinh doanh,,0,380000000.0
0,0,38.0,Mặt bằng kinh doanh,,0,5500000000.0
18,277,100.0,Mặt bằng kinh doanh,Nội thất đầy đủ,0,60000000.0
14,213,35.0,Mặt bằng kinh doanh,,0,70000000.0
22,323,160.0,Mặt bằng kinh doanh,Nội thất đầy đủ,0,25000000000.0
16,243,100.0,Mặt bằng kinh doanh,,0,120000000.0
11,157,12.0,Mặt bằng kinh doanh,,0,5000000.0
17,257,100.0,Mặt bằng kinh doanh,Nội thất đầy đủ,0,12900000000.0
15,230,58.0,Shophouse,Hoàn thiện cơ bản,0,4000000000.0
1,3,40.0,Shophouse,,0,7000000000.0
15,228,50.0,Mặt bằng kinh doanh,Nội thất đầy đủ,0,200000000.0
1,19,25.0,Mặt bằng kinh doanh,,0,70000000.0
1,26,240.0,Mặt bằng kinh doanh,Nội thất đầy đủ,0,440000000.0
16,238,100.0,Mặt bằng kinh doanh,Nội thất cao cấp,0,20000000.0
2,327,288.0,Văn phòng,Nội thất đầy đủ,0,350000000.0
1,22,170.0,Mặt bằng kinh doanh,Nội thất đầy đủ,0,9500000000.0
11,156,480.0,Mặt bằng kinh doanh,,0,28000000000.0
16,249,200.0,Mặt bằng kinh doanh,,0,380000000.0
16,333,120.0,Mặt bằng kinh doanh,,0,20000000000.0
1,3,102.0,Mặt bằng kinh doanh,,0,350000000.0
21,308,400.0,Mặt bằng kinh doanh,Bàn giao thô,0,17000000000.0
1,25,100.0,Mặt bằng kinh doanh,Nội thất đầy đủ,1,250000000.0
13,200,120.0,Shophouse,Nội thất đầy đủ,0,200000000.0
14,204,37.0,Mặt bằng kinh doanh,Hoàn thiện cơ bản,0,6800000000.0
1,5,100.0,Mặt bằng kinh doanh,Nội thất cao cấp,0,700000000.0
1,22,40.0,Mặt bằng kinh doanh,,0,60000000.0
12,171,378.0,Mặt bằng kinh doanh,Nội thất đầy đủ,0,240000000.0
11,156,78.0,Mặt bằng kinh doanh,,0,5000000000.0
7,102,90.0,Mặt bằng kinh doanh,,0,17000000.0
11,161,186.0,Mặt bằng kinh doanh,,0,8199999999.999999
13,199,300.0,Mặt bằng kinh doanh,,0,1200000000.0
1,26,10.0,Mặt bằng kinh doanh,,0,75000000.0
8,108,221.2,Mặt bằng kinh doanh,Hoàn thiện cơ bản,0,36500000000.0
21,308,460.0,Mặt bằng kinh doanh,,0,17000000000.0
13,178,10.0,Mặt bằng kinh doanh,Hoàn thiện cơ bản,0,1300000000.0
1,24,130.0,Mặt bằng kinh doanh,,0,130000000.0
7,105,12.0,Mặt bằng kinh doanh,Hoàn thiện cơ bản,0,20000000.0
16,248,50.0,Mặt bằng kinh doanh,,0,330000000.0
12,166,25.0,Shophouse,Bàn giao thô,0,15000000.0
11,330,400.0,Mặt bằng kinh doanh,,0,850000000.0
11,155,10.0,Mặt bằng kinh doanh,,0,25000000.0
14,220,70.0,Mặt bằng kinh doanh,,0,160000000.0
21,312,210.0,Mặt bằng kinh doanh,Nội thất đầy đủ,0,18250000000.0
18,276,60.0,Mặt bằng kinh doanh,,0,60000000.0
2,38,42.2,Mặt bằng kinh doanh,Nội thất đầy đủ,0,13500000000.0
21,312,210.0,Mặt bằng kinh doanh,Nội thất đầy đủ,0,18000000000.0
12,171,500.0,Mặt bằng kinh doanh,Nội thất đầy đủ,0,45000000.0
11,161,140.0,Mặt bằng kinh doanh,Hoàn thiện cơ bản,0,450000000.0
11,156,300.0,Mặt bằng kinh doanh,Nội thất đầy đủ,0,260000000.0
5,77,10.2,Mặt bằng kinh doanh,Nội thất cao cấp,0,3500000000.0
12,171,150.0,Mặt bằng kinh doanh,Nội thất đầy đủ,0,45000000.0
1,31,80.0,Mặt bằng kinh doanh,,0,8000000.0
17,257,60.0,Mặt bằng kinh doanh,Nội thất đầy đủ,0,129000000.0
16,241,40.0,Mặt bằng kinh doanh,Nội thất đầy đủ,0,150000000.0
13,200,127.0,Mặt bằng kinh doanh,Nội thất đầy đủ,0,200000000.0
2,43,70.0,Mặt bằng kinh doanh,Hoàn thiện cơ bản,1,35000000000.0
20,292,366.0,Mặt bằng kinh doanh,Nội thất đầy đủ,0,5900000000.0
22,323,45.0,Shophouse,,1,7000000000.0
12,169,108.0,Mặt bằng kinh doanh,,0,13990000000.0
20,295,220.0,Mặt bằng kinh doanh,,1,790000000.0
1,25,376.0,Mặt bằng kinh doanh,,0,50000000000.0
15,230,37.0,Mặt bằng kinh doanh,Hoàn thiện cơ bản,0,9900000000.0
14,202,25.0,Mặt bằng kinh doanh,Nội thất đầy đủ,0,5890000000.0
1,25,500.0,Mặt bằng kinh doanh,Nội thất cao cấp,0,986000000.0
0,0,110.0,Mặt bằng kinh doanh,,0,26500000000.0
17,256,300.0,Mặt bằng kinh doanh,Nội thất đầy đủ,0,450000000.0
16,247,400.0,Mặt bằng kinh doanh,Nội thất đầy đủ,0,290000000.0
22,322,50.0,Shophouse,Hoàn thiện cơ bản,0,2400000000.0
14,213,269.0,Mặt bằng kinh doanh,,0,24000000000.0
0,0,50.0,Shophouse,,0,2300000000.0
22,319,255.0,Mặt bằng kinh doanh,Hoàn thiện cơ bản,0,6950000000.0
17,258,40.0,Mặt bằng kinh doanh,Nội thất cao cấp,0,64000000.0
7,103,53.0,Shophouse,,0,7700000000.0
1,15,129.0,Shophouse,Hoàn thiện cơ bản,0,7150000000.0
17,261,25.0,Mặt bằng kinh doanh,Nội thất đầy đủ,0,8000000.0
18,271,100.0,Mặt bằng kinh doanh,Nội thất cao cấp,0,11000000000.0
14,220,90.0,Mặt bằng kinh doanh,Nội thất cao cấp,0,13500000000.0
14,218,200.0,Mặt bằng kinh doanh,Nội thất đầy đủ,0,400000000.0
16,247,300.0,Mặt bằng kinh doanh,Nội thất đầy đủ,0,320000000.0
17,253,200.0,Mặt bằng kinh doanh,Nội thất đầy đủ,0,350000000.0
17,259,140.0,Mặt bằng kinh doanh,Nội thất đầy đủ,0,330000000.0
1,22,156.0,Mặt bằng kinh doanh,Hoàn thiện cơ bản,0,14500000000.0
22,322,50.0,Shophouse,Hoàn thiện cơ bản,0,2300000000.0
13,199,93.0,Mặt bằng kinh doanh,,0,31500000000.0
8,112,151.0,Shophouse,Hoàn thiện cơ bản,0,5700000000.0
12,166,130.0,Mặt bằng kinh doanh,Nội thất đầy đủ,0,8690000000.0
21,312,200.0,Mặt bằng kinh doanh,,0,180000000.0
10,151,60.0,Văn phòng,Nội thất đầy đủ,0,16899999999.999998
11,156,72.0,Mặt bằng kinh doanh,,0,5300000000.0
1,13,110.0,Shophouse,,0,9700000000.0
13,191,550.0,Mặt bằng kinh doanh,,0,37000000000.0
21,317,528.0,Mặt bằng kinh doanh,,0,12600000000.0
11,162,194.4,Mặt bằng kinh doanh,,0,8199999999.999999
18,277,200.0,Mặt bằng kinh doanh,,0,9500000000.0
17,255,48.0,Mặt bằng kinh doanh,Nội thất đầy đủ,1,25000000.0
7,101,30.8,Mặt bằng kinh doanh,,0,8000000000.0
1,25,300.0,Mặt bằng kinh doanh,Nội thất đầy đủ,0,986000000.0
7,104,52.0,Mặt bằng kinh doanh,,0,10000000000.0
8,113,156.0,Shophouse,,0,7800000000.0
16,248,450.0,Mặt bằng kinh doanh,,0,4099999999.9999995
17,259,88.0,Mặt bằng kinh doanh,Nội thất đầy đủ,1,17500000000.0
2,327,171.0,Mặt bằng kinh doanh,,0,52000000000.0
11,162,72.0,Mặt bằng kinh doanh,Nội thất đầy đủ,0,7000000000.0
13,199,120.0,Mặt bằng kinh doanh,Nội thất đầy đủ,0,290000000.0
6,92,108.0,Shophouse,Hoàn thiện cơ bản,0,5950000000.0
1,34,90.0,Mặt bằng kinh doanh,Nội thất đầy đủ,0,120000000.0
7,101,58.0,Mặt bằng kinh doanh,,0,11500000000.0
17,255,72.0,Mặt bằng kinh doanh,,0,8500000000.0
14,220,50.0,Mặt bằng kinh doanh,Nội thất đầy đủ,0,6350000000.0
6,92,70.0,Mặt bằng kinh doanh,,0,9000000000.0
6,92,72.0,Mặt bằng kinh doanh,Nội thất cao cấp,0,11000000000.0
16,250,105.0,Văn phòng,Nội thất đầy đủ,0,40000000000.0
9,134,116.6,Mặt bằng kinh doanh,,0,28500000000.0
7,102,26.0,Officetel,Hoàn thiện cơ bản,0,1600000000.0
3,48,90.0,Mặt bằng kinh doanh,,1,31000000000.0
16,239,305.0,Văn phòng,Hoàn thiện cơ bản,0,53000000000.0
15,325,200.0,Mặt bằng kinh doanh,Nội thất cao cấp,0,150000000.0
16,240,123.0,Văn phòng,Nội thất đầy đủ,0,40000000000.0
11,160,65.0,Shophouse,Nội thất đầy đủ,0,3700000000.0
1,17,110.0,Mặt bằng kinh doanh,Hoàn thiện cơ bản,0,8100000000.0
18,262,116.0,Mặt bằng kinh doanh,Nội thất đầy đủ,0,1290000000.0
1,17,87.0,Văn phòng,Nội thất cao cấp,0,9990000000.0
1,13,85.0,Shophouse,,0,15000000000.0
2,41,50.0,Mặt bằng kinh doanh,,1,8400000000.0
9,133,30.0,Mặt bằng kinh doanh,,0,7600000000.0
14,210,154.4,Mặt bằng kinh doanh,Nội thất đầy đủ,0,18200000000.0
11,156,100.0,Mặt bằng kinh doanh,Nội thất đầy đủ,0,5600000000.0
7,99,120.0,Shophouse,,0,4250000000.0
21,313,214.0,Mặt bằng kinh doanh,Nội thất đầy đủ,0,12500000000.0
16,238,30.0,Mặt bằng kinh doanh,Nội thất cao cấp,0,12000000000.0
4,64,87.6,Mặt bằng kinh doanh,Hoàn thiện cơ bản,0,28900000000.0
1,27,189.0,Văn phòng,Hoàn thiện cơ bản,0,31000000000.0
2,39,67.0,Mặt bằng kinh doanh,Hoàn thiện cơ bản,0,27500000000.0
1,11,155.2,Shophouse,Nội thất đầy đủ,0,16698000000.0
14,217,250.0,Mặt bằng kinh doanh,,0,320000000.0
3,54,126.0,Mặt bằng kinh doanh,,0,25500000000.0
15,230,121.0,Officetel,,0,42000000000.0
1,21,45.0,Mặt bằng kinh doanh,Nội thất đầy đủ,0,120000000.0
15,232,16.0,Mặt bằng kinh doanh,Hoàn thiện cơ bản,0,3650000000.0
22,322,52.0,Shophouse,Hoàn thiện cơ bản,0,2400000000.0
8,112,151.0,Shophouse,Nội thất cao cấp,0,5200000000.0
17,251,128.0,Mặt bằng kinh doanh,,0,22000000000.0
13,190,120.8,Mặt bằng kinh doanh,,0,22000000000.0
13,191,144.0,Mặt bằng kinh doanh,,0,18000000000.0
0,0,200.0,Mặt bằng kinh doanh,,1,37000000000.0
1,3,160.0,Văn phòng,,0,45000000000.0
14,210,56.0,Mặt bằng kinh doanh,,0,7000000000.0
9,132,56.0,Mặt bằng kinh doanh,Nội thất đầy đủ,1,14500000000.0
12,164,43.0,Mặt bằng kinh doanh,,1,5350000000.0
14,213,250.0,Mặt bằng kinh doanh,,0,10000000.0
15,223,85.0,Mặt bằng kinh doanh,Nội thất cao cấp,1,27500000000.0
11,161,68.0,Mặt bằng kinh doanh,Hoàn thiện cơ bản,0,5300000000.0
0,0,94.0,Mặt bằng kinh doanh,,0,11000000000.0
17,257,81.0,Mặt bằng kinh doanh,,1,9790000000.0
17,252,98.0,Mặt bằng kinh doanh,,0,9700000000.0
12,166,32.0,Mặt bằng kinh doanh,,0,160000000.0
2,43,67.0,Mặt bằng kinh doanh,Hoàn thiện cơ bản,0,50000000000.0
8,112,183.0,Shophouse,Nội thất cao cấp,0,1980000000.0
14,211,400.0,Shophouse,,1,21600000000.0
8,113,61.0,Shophouse,Hoàn thiện cơ bản,0,3500000000.0
11,162,160.0,Mặt bằng kinh doanh,Nội thất đầy đủ,0,26000000000.0
15,230,87.0,Mặt bằng kinh doanh,Hoàn thiện cơ bản,0,26000000000.0
13,189,80.0,Mặt bằng kinh doanh,,0,110000000.0
14,210,95.0,Mặt bằng kinh doanh,,0,7700000000.0
16,250,70.0,Shophouse,Hoàn thiện cơ bản,1,5900000000.0
12,168,250.0,Mặt bằng kinh doanh,,0,450000000.0
15,223,144.0,Mặt bằng kinh doanh,,0,41500000000.0
15,226,200.0,Mặt bằng kinh doanh,,0,41000000000.0
12,166,45.0,Mặt bằng kinh doanh,Nội thất đầy đủ,1,4750000000.0
11,156,112.0,Mặt bằng kinh doanh,,0,380000000.0
1,31,132.0,Mặt bằng kinh doanh,Hoàn thiện cơ bản,0,13200000000.0
1,26,64.0,Mặt bằng kinh doanh,,0,7300000000.0
8,112,151.0,Shophouse,Hoàn thiện cơ bản,0,5200000000.0
16,250,36.0,Mặt bằng kinh doanh,Nội thất đầy đủ,0,59000000.0
5,70,105.0,Mặt bằng kinh doanh,Hoàn thiện cơ bản,0,52000000000.0
3,329,85.0,Mặt bằng kinh doanh,,0,29500000000.0
9,134,95.4,Mặt bằng kinh doanh,,0,34000000000.0
15,236,143.0,Văn phòng,,0,32000000000.0
9,137,64.2,Shophouse,Nội thất đầy đủ,0,3600000000.0
16,249,170.0,Mặt bằng kinh doanh,,0,250000000.0
11,162,100.0,Shophouse,,0,4480000000.0
1,26,134.0,Văn phòng,Nội thất đầy đủ,0,20000000000.0
11,160,300.0,Mặt bằng kinh doanh,Nội thất đầy đủ,0,250000000.0
8,112,151.0,Shophouse,Hoàn thiện cơ bản,0,5900000000.0
12,170,90.0,Mặt bằng kinh doanh,,0,12600000000.0
12,165,56.0,Mặt bằng kinh doanh,Nội thất đầy đủ,1,60000000.0
12,167,350.0,Officetel,,0,25000000.0
4,57,163.0,Mặt bằng kinh doanh,Nội thất đầy đủ,0,44000000000.0
18,276,400.0,Văn phòng,Hoàn thiện cơ bản,0,3600000000.0
12,163,160.0,Mặt bằng kinh doanh,Hoàn thiện cơ bản,0,12000000000.0
0,0,90.0,Mặt bằng kinh doanh,Hoàn thiện cơ bản,1,9000000000.0
18,277,243.0,Mặt bằng kinh doanh,,0,7200000000.0
2,43,250.0,Mặt bằng kinh doanh,,0,1000000.0
1,5,85.0,Shophouse,,0,7390000000.0
1,16,489.0,Shophouse,Bàn giao thô,0,22445000000.0
1,27,188.0,Mặt bằng kinh doanh,,0,17000000000.0
11,161,430.0,Mặt bằng kinh doanh,,0,12800000000.0
17,259,68.4,Mặt bằng kinh doanh,Hoàn thiện cơ bản,0,9500000000.0
12,171,378.0,Mặt bằng kinh doanh,,0,140000000.0
14,213,238.0,Mặt bằng kinh doanh,,0,700000000.0
13,199,210.0,Mặt bằng kinh doanh,,0,800000000.0
13,192,150.0,Mặt bằng kinh doanh,,0,380000000.0
12,172,300.0,Mặt bằng kinh doanh,,0,430000000.0
21,312,280.0,Mặt bằng kinh doanh,,0,260000000.0
14,213,200.0,Mặt bằng kinh doanh,,0,480000000.0
12,166,160.0,Mặt bằng kinh doanh,,0,10500000000.0
12,168,420.0,Mặt bằng kinh doanh,,0,600000000.0
10,152,70.0,Mặt bằng kinh doanh,,1,220000000.0
1,11,154.0,Mặt bằng kinh doanh,Nội thất đầy đủ,1,10000000000.0
12,168,300.0,Mặt bằng kinh doanh,,0,32000000000.0
17,258,200.0,Mặt bằng kinh doanh,Nội thất đầy đủ,0,310000000.0
3,48,100.0,Mặt bằng kinh doanh,,0,41000000000.0
17,253,120.0,Mặt bằng kinh doanh,,0,9700000000.0
2,327,100.0,Mặt bằng kinh doanh,,0,32000000000.0
3,52,131.0,Mặt bằng kinh doanh,Bàn giao thô,0,41000000000.0
3,329,99.0,Mặt bằng kinh doanh,,0,30000000000.0
13,199,55.0,Mặt bằng kinh doanh,Hoàn thiện cơ bản,0,5400000000.0
11,156,148.0,Shophouse,Nội thất cao cấp,0,7000000000.0
1,33,88.0,Mặt bằng kinh doanh,,0,8600000000.0
1,33,120.0,Mặt bằng kinh doanh,,0,11200000000.0
1,6,87.0,Shophouse,Hoàn thiện cơ bản,0,3100000000.0
12,166,200.0,Mặt bằng kinh doanh,,0,42000000000.0
17,251,128.0,Mặt bằng kinh doanh,,0,22000000000.0
21,316,469.4,Mặt bằng kinh doanh,,0,7500000000.0
1,11,155.2,Shophouse,Hoàn thiện cơ bản,0,17600000000.0
1,27,550.0,Mặt bằng kinh doanh,,0,39000000000.0
12,163,160.0,Officetel,,0,12000000000.0
14,218,200.0,Mặt bằng kinh doanh,,0,20000000.0
8,111,146.2,Shophouse,,0,7500000000.0
0,0,58.0,Mặt bằng kinh doanh,,0,5500000000.0
21,313,100.0,Mặt bằng kinh doanh,Hoàn thiện cơ bản,0,4590000000.0
17,256,105.0,Shophouse,Nội thất đầy đủ,0,5000000000.0
1,19,300.0,Mặt bằng kinh doanh,,1,25000000000.0
13,189,137.0,Officetel,,1,27500000000.0
21,313,169.0,Mặt bằng kinh doanh,,0,7900000000.0
1,16,92.75,Shophouse,,0,5200000000.0
1,29,113.0,Mặt bằng kinh doanh,Nội thất đầy đủ,0,12900000000.0
17,257,168.0,Mặt bằng kinh doanh,Nội thất đầy đủ,0,36500000000.0
17,251,128.0,Mặt bằng kinh doanh,,0,22000000000.0
17,257,40.0,Mặt bằng kinh doanh,,0,6500000000.0
7,104,10.0,Mặt bằng kinh doanh,,0,70000000.0
6,85,41.0,Shophouse,Hoàn thiện cơ bản,0,5500000000.0
16,333,100.0,Mặt bằng kinh doanh,Nội thất đầy đủ,0,250000000.0
11,162,200.0,Mặt bằng kinh doanh,,0,6900000000.0
1,21,70.0,Văn phòng,Nội thất đầy đủ,0,10500000000.0
3,47,30.0,Mặt bằng kinh doanh,Hoàn thiện cơ bản,0,4800000000.0
14,213,60.0,Mặt bằng kinh doanh,Nội thất cao cấp,0,6400000000.0
2,40,30.0,Mặt bằng kinh doanh,,0,4800000000.0
14,211,54.0,Shophouse,,0,5500000000.0
9,123,50.0,Mặt bằng kinh doanh,,0,12000000000.0
4,60,120.0,Mặt bằng kinh doanh,Nội thất đầy đủ,0,180000000.0
7,99,100.0,Mặt bằng kinh doanh,Nội thất cao cấp,0,16899999999.999998
14,217,79.0,Mặt bằng kinh doanh,Hoàn thiện cơ bản,0,6790000.0
11,162,167.0,Mặt bằng kinh doanh,,1,8100000000.0
8,112,151.0,Mặt bằng kinh doanh,Hoàn thiện cơ bản,0,4999000000.0
1,3,58.0,Shophouse,,0,8000000000.0
15,230,98.7,Mặt bằng kinh doanh,,0,30000000000.0
1,27,161.98,Shophouse,,0,12474000000.0
1,11,100.3,Shophouse,Bàn giao thô,0,21000000000.0
16,333,94.0,Mặt bằng kinh doanh,,0,7250000000.0
11,162,115.0,Shophouse,,0,10000000000.0
16,241,12.0,Mặt bằng kinh doanh,Hoàn thiện cơ bản,0,3300000000.0
21,308,55.0,Mặt bằng kinh doanh,,0,4790000000.0
21,317,339.1,Mặt bằng kinh doanh,,0,12989000000.0
11,160,250.0,Mặt bằng kinh doanh,,0,200000000.0
20,301,280.0,Mặt bằng kinh doanh,,0,940000000.0
11,156,85.0,Văn phòng,Hoàn thiện cơ bản,0,9390000000.0
1,31,136.0,Mặt bằng kinh doanh,,0,11300000000.0
17,256,523.0,Shophouse,,0,45000000000.0
21,315,324.0,Mặt bằng kinh doanh,,0,7500000000.0
8,112,151.0,Shophouse,Hoàn thiện cơ bản,0,5200000000.0
11,330,68.0,Mặt bằng kinh doanh,,0,5700000000.0
11,161,80.0,Mặt bằng kinh doanh,Nội thất cao cấp,0,5100000000.0
20,298,200.0,Mặt bằng kinh doanh,,0,710000000.0
7,104,148.0,Mặt bằng kinh doanh,,0,12300000000.0
17,260,178.0,Shophouse,Nội thất đầy đủ,1,9000000000.0
12,163,76.0,Mặt bằng kinh doanh,Hoàn thiện cơ bản,0,5800000000.0
12,163,230.0,Shophouse,Nội thất đầy đủ,0,8500000000.0
21,316,470.0,Mặt bằng kinh doanh,,1,7500000000.0
3,329,55.0,Mặt bằng kinh doanh,Nội thất cao cấp,0,39000000000.0
2,328,69.0,Mặt bằng kinh doanh,,0,31000000000.0
2,327,61.0,Mặt bằng kinh doanh,,0,33000000000.0
13,200,60.0,Mặt bằng kinh doanh,,0,12000000000.0
16,248,79.0,Mặt bằng kinh doanh,Nội thất đầy đủ,1,17000000000.0
1,19,95.0,Mặt bằng kinh doanh,,0,6200000000.0
6,92,130.0,Mặt bằng kinh doanh,Nội thất cao cấp,0,600000000.0
9,129,300.0,Mặt bằng kinh doanh,,0,20000000000.0
6,92,60.0,Mặt bằng kinh doanh,,0,10000000000.0
6,92,70.0,Mặt bằng kinh doanh,,0,10000000000.0
10,140,72.0,Mặt bằng kinh doanh,,0,15000000000.0
9,133,107.0,Mặt bằng kinh doanh,Nội thất đầy đủ,0,9000000000.0
1,3,80.0,Mặt bằng kinh doanh,,1,23500000000.0
1,7,500.0,Mặt bằng kinh doanh,,0,42000000000.0
12,171,106.0,Shophouse,Hoàn thiện cơ bản,0,2060000.0
1,26,100.0,Mặt bằng kinh doanh,,0,12800000000.0
11,162,392.0,Mặt bằng kinh doanh,,0,26600000000.0
22,322,150.0,Shophouse,Hoàn thiện cơ bản,0,7200000000.0
3,46,73.0,Văn phòng,,0,18900000000.0
8,120,47.73,Shophouse,Bàn giao thô,0,4099999999.9999995
14,204,70.0,Mặt bằng kinh doanh,,0,12500000000.0
17,258,120.0,Mặt bằng kinh doanh,Nội thất đầy đủ,0,280000000.0
1,13,245.0,Mặt bằng kinh doanh,Hoàn thiện cơ bản,0,30000000000.0
16,249,200.0,Mặt bằng kinh doanh,,0,400000000.0
14,207,74.0,Mặt bằng kinh doanh,,0,16500000000.0
17,253,43.0,Mặt bằng kinh doanh,Nội thất đầy đủ,0,5570000000.0
12,168,108.0,Mặt bằng kinh doanh,Nội thất đầy đủ,0,7870000000.0
7,99,43.0,Mặt bằng kinh doanh,Nội thất đầy đủ,0,690000000.0
11,157,165.0,Mặt bằng kinh doanh,Nội thất cao cấp,1,9500000000.0
1,17,48.0,Mặt bằng kinh doanh,,0,7000000000.0
17,257,152.0,Mặt bằng kinh doanh,Nội thất đầy đủ,1,15500000000.0
18,277,238.0,Mặt bằng kinh doanh,,0,7000000000.0
21,313,95.0,Mặt bằng kinh doanh,Hoàn thiện cơ bản,0,5190000000.0
1,35,486.0,Mặt bằng kinh doanh,Hoàn thiện cơ bản,0,31000000000.0
13,199,180.0,Mặt bằng kinh doanh,,0,34000000000.0
8,111,50.0,Mặt bằng kinh doanh,Nội thất cao cấp,0,19000000.0
3,47,64.2,Mặt bằng kinh doanh,,0,31971000000.0
16,249,200.0,Mặt bằng kinh doanh,Nội thất đầy đủ,0,400000000.0
16,333,100.0,Mặt bằng kinh doanh,,0,18000000.0
18,277,160.0,Mặt bằng kinh doanh,,0,6200000000.0
17,259,150.0,Mặt bằng kinh doanh,Nội thất cao cấp,0,30000000000.0
16,238,100.0,Mặt bằng kinh doanh,Nội thất đầy đủ,0,250000000.0
20,298,360.0,Mặt bằng kinh doanh,,0,7000000000.0
17,259,166.0,Mặt bằng kinh doanh,Nội thất đầy đủ,0,33000000000.0
8,112,151.0,Shophouse,Hoàn thiện cơ bản,0,5300000000.0
8,112,150.0,Shophouse,Hoàn thiện cơ bản,0,5300000000.0
20,301,115.0,Mặt bằng kinh doanh,,0,750000000.0
16,333,109.0,Mặt bằng kinh doanh,Hoàn thiện cơ bản,0,21500000000.0
14,213,254.0,Mặt bằng kinh doanh,Bàn giao thô,0,28000000000.0
17,256,100.0,Mặt bằng kinh doanh,Nội thất đầy đủ,0,200000000.0
1,26,200.0,Mặt bằng kinh doanh,Nội thất đầy đủ,0,350000000.0
1,19,144.0,Mặt bằng kinh doanh,,0,12500000000.0
4,68,88.0,Mặt bằng kinh doanh,,0,4099999999.9999995
10,152,70.0,Mặt bằng kinh doanh,Nội thất đầy đủ,0,220000000.0
7,102,280.0,Shophouse,Hoàn thiện cơ bản,0,19500000000.0
7,97,120.0,Mặt bằng kinh doanh,Nội thất đầy đủ,0,59000000.0
1,3,58.0,Shophouse,,0,8500000000.0
17,261,94.08,Mặt bằng kinh doanh,,1,8300000000.000001
12,165,200.0,Mặt bằng kinh doanh,Nội thất đầy đủ,0,250000000.0
15,225,29.0,Mặt bằng kinh doanh,Nội thất đầy đủ,0,3850000000.0
7,99,82.0,Shophouse,Hoàn thiện cơ bản,0,10000000000.0
12,166,52.0,Mặt bằng kinh doanh,Nội thất cao cấp,0,4750000000.0
2,327,68.0,Mặt bằng kinh doanh,,0,16000000000.0
16,249,77.0,Mặt bằng kinh doanh,Nội thất cao cấp,0,15900000000.0
16,249,26.0,Mặt bằng kinh doanh,Nội thất cao cấp,0,10000000000.0
14,202,78.0,Mặt bằng kinh doanh,,1,10500000000.0
11,156,426.0,Mặt bằng kinh doanh,Nội thất đầy đủ,0,28400000000.0
17,255,200.0,Mặt bằng kinh doanh,,0,19500000000.0
13,189,32.0,Mặt bằng kinh doanh,Nội thất đầy đủ,0,120000000.0
22,320,400.0,Mặt bằng kinh doanh,,0,200000000.0
17,261,80.0,Mặt bằng kinh doanh,Nội thất đầy đủ,0,170000000.0
16,249,50.0,Mặt bằng kinh doanh,Nội thất đầy đủ,0,14000000000.0
11,161,180.0,Mặt bằng kinh doanh,,0,450000000.0
12,166,400.0,Mặt bằng kinh doanh,,0,1200000000.0
14,212,238.0,Mặt bằng kinh doanh,,0,1200000000.0
12,172,300.0,Mặt bằng kinh doanh,,0,430000000.0
1,16,92.25,Shophouse,Hoàn thiện cơ bản,0,5200000000.0
2,327,75.0,Mặt bằng kinh doanh,Hoàn thiện cơ bản,0,22000000000.0
12,166,160.0,Mặt bằng kinh doanh,,0,10000000000.0
12,170,200.0,Mặt bằng kinh doanh,,0,17500000.0
1,19,60.0,Mặt bằng kinh doanh,,0,5900000000.0
17,259,150.0,Mặt bằng kinh doanh,Nội thất đầy đủ,0,360000000.0
17,253,140.0,Mặt bằng kinh doanh,Nội thất đầy đủ,0,21500000000.0
12,168,520.0,Mặt bằng kinh doanh,,0,36000000000.0
16,333,100.0,Mặt bằng kinh doanh,Nội thất đầy đủ,0,250000000.0
1,13,130.0,Shophouse,,0,9900000000.0
1,22,60.0,Mặt bằng kinh doanh,,0,3600000000.0
11,157,90.0,Mặt bằng kinh doanh,Nội thất đầy đủ,0,5489000000.0
12,168,100.0,Mặt bằng kinh doanh,,0,130000000.0
17,254,300.0,Mặt bằng kinh doanh,,0,50000000.0
16,238,100.0,Mặt bằng kinh doanh,,0,250000000.0
1,26,250.0,Mặt bằng kinh doanh,Nội thất đầy đủ,0,350000000.0
16,333,100.0,Mặt bằng kinh doanh,Nội thất đầy đủ,0,250000000.0
7,99,74.25,Shophouse,Bàn giao thô,0,8800000000.0
11,162,98.0,Mặt bằng kinh doanh,,0,7000000000.0
11,156,80.0,Mặt bằng kinh doanh,,0,5300000000.0
13,179,10.0,Mặt bằng kinh doanh,Hoàn thiện cơ bản,0,9500000.0
21,312,265.0,Mặt bằng kinh doanh,,0,24000000000.0
16,333,165.0,Mặt bằng kinh doanh,Bàn giao thô,0,33500000000.0
1,21,78.0,Mặt bằng kinh doanh,Hoàn thiện cơ bản,0,6500000000.0
18,271,85.0,Mặt bằng kinh doanh,,0,999000000.0
12,163,85.0,Shophouse,Nội thất đầy đủ,0,6200000000.0
12,168,315.0,Mặt bằng kinh doanh,,0,32000000000.0
11,160,115.0,Mặt bằng kinh doanh,Hoàn thiện cơ bản,0,14800000000.0
12,170,30.0,Mặt bằng kinh doanh,,0,100000000.0
14,210,130.0,Mặt bằng kinh doanh,,0,250000000.0
0,0,50.0,Shophouse,,0,5000000000.0
21,313,56.0,Mặt bằng kinh doanh,,0,2100000000.0
7,102,100.0,Mặt bằng kinh doanh,,0,12500000.0
17,253,75.0,Mặt bằng kinh doanh,,0,15000000.0
3,46,72.7,Shophouse,,0,18900000000.0
12,170,30.0,Mặt bằng kinh doanh,Nội thất đầy đủ,0,100000000.0
17,257,80.0,Mặt bằng kinh doanh,,0,200000000.0
16,333,96.0,Mặt bằng kinh doanh,,0,18000000.0
14,204,200.0,Mặt bằng kinh doanh,Nội thất đầy đủ,0,75000000.0
17,254,80.0,Mặt bằng kinh doanh,Nội thất cao cấp,0,150000000.0
11,157,32.0,Mặt bằng kinh doanh,,0,1950000000.0
1,26,336.0,Mặt bằng kinh doanh,Nội thất cao cấp,0,27000000000.0
12,163,68.0,Shophouse,,0,3800000000.0
12,170,129.0,Mặt bằng kinh doanh,,0,18000000000.0
1,3,132.0,Mặt bằng kinh doanh,,0,5200000000.0
18,267,152.0,Mặt bằng kinh doanh,,1,630000000.0
1,16,112.0,Shophouse,,0,7500000000.0
16,238,200.0,Mặt bằng kinh doanh,Nội thất đầy đủ,0,280000000.0
1,13,50.0,Shophouse,Bàn giao thô,0,200000000.0
12,171,280.0,Mặt bằng kinh doanh,Nội thất đầy đủ,0,12800000000.0
4,60,20.0,Mặt bằng kinh doanh,Nội thất đầy đủ,1,65000000.0
17,257,100.0,Mặt bằng kinh doanh,Nội thất đầy đủ,0,12900000000.0
17,253,75.0,Mặt bằng kinh doanh,Nội thất đầy đủ,0,200000000.0
11,162,72.0,Mặt bằng kinh doanh,Nội thất cao cấp,0,6700000000.0
8,113,80.0,Shophouse,,0,3500000000.0
17,256,200.0,Mặt bằng kinh doanh,Nội thất đầy đủ,0,440000000.0
1,31,209.0,Mặt bằng kinh doanh,Nội thất cao cấp,0,650000000.0
2,42,32.0,Mặt bằng kinh doanh,Nội thất đầy đủ,0,8000000000.0
12,165,26.0,Mặt bằng kinh doanh,,0,33000000.0
1,33,88.0,Mặt bằng kinh doanh,,0,8586000000.0
1,33,120.0,Mặt bằng kinh doanh,,0,11200000000.0
11,155,323.0,Mặt bằng kinh doanh,,0,32000000000.0
17,259,120.0,Mặt bằng kinh doanh,,0,12700000000.0
17,259,90.1,Mặt bằng kinh doanh,,0,14800000000.0
17,255,62.35,Mặt bằng kinh doanh,,0,10500000000.0
7,102,26.7,Officetel,Hoàn thiện cơ bản,0,1400000000.0
11,161,60.0,Mặt bằng kinh doanh,Nội thất cao cấp,0,5850000000.0
12,171,150.0,Mặt bằng kinh doanh,,0,330000000.0
12,172,40.0,Mặt bằng kinh doanh,Hoàn thiện cơ bản,0,80000000.0
11,160,320.0,Mặt bằng kinh doanh,Nội thất đầy đủ,0,250000000.0
15,229,71.0,Văn phòng,,0,16899999999.999998
1,10,88.0,Mặt bằng kinh doanh,,0,21000000000.0
1,22,130.6,Mặt bằng kinh doanh,Nội thất đầy đủ,1,11000000000.0
16,240,32.0,Mặt bằng kinh doanh,Nội thất cao cấp,0,10800000000.0
22,323,80.0,Shophouse,Bàn giao thô,0,145000000.0
22,323,120.0,Mặt bằng kinh doanh,,0,9500000000.0
1,20,103.0,Shophouse,Bàn giao thô,0,2400000000.0
17,256,200.0,Mặt bằng kinh doanh,Nội thất đầy đủ,0,440000000.0
12,163,239.0,Shophouse,Bàn giao thô,0,17450000000.0
13,188,80.0,Mặt bằng kinh doanh,Nội thất đầy đủ,0,350000000.0
16,249,150.0,Mặt bằng kinh doanh,Nội thất đầy đủ,0,250000000.0
12,163,133.0,Mặt bằng kinh doanh,Hoàn thiện cơ bản,0,7800000000.0
8,113,62.0,Shophouse,Hoàn thiện cơ bản,0,3700000000.0
12,167,56.0,Mặt bằng kinh doanh,Nội thất đầy đủ,1,7000000.0
12,166,44.0,Mặt bằng kinh doanh,,0,6000000000.0
1,16,292.0,Shophouse,Bàn giao thô,0,17930000000.0
16,248,100.0,Mặt bằng kinh doanh,Nội thất đầy đủ,0,330000000.0
17,257,130.0,Mặt bằng kinh doanh,Nội thất đầy đủ,0,200000000.0
17,256,80.0,Mặt bằng kinh doanh,Nội thất đầy đủ,0,200000000.0
1,31,209.0,Mặt bằng kinh doanh,Nội thất đầy đủ,0,650000000.0
1,31,300.0,Mặt bằng kinh doanh,,0,21000000000.0
18,273,450.2,Mặt bằng kinh doanh,,0,40000000000.0
1,10,60.0,Mặt bằng kinh doanh,Nội thất đầy đủ,0,8600000000.0
1,10,108.0,Mặt bằng kinh doanh,Hoàn thiện cơ bản,0,7700000000.0
1,25,92.0,Mặt bằng kinh doanh,,0,10500000000.0
8,111,60.0,Mặt bằng kinh doanh,Hoàn thiện cơ bản,0,6300000000.0
1,21,80.0,Mặt bằng kinh doanh,Nội thất đầy đủ,1,11000000000.0
1,10,94.0,Mặt bằng kinh doanh,Hoàn thiện cơ bản,0,10000000000.0
14,202,110.0,Mặt bằng kinh doanh,,0,14500000000.0
1,5,122.0,Mặt bằng kinh doanh,,0,12500000000.0
1,17,100.0,Mặt bằng kinh doanh,,0,11000000000.0
18,273,240.0,Mặt bằng kinh doanh,Nội thất cao cấp,0,12000000000.0
1,27,55.5,Mặt bằng kinh doanh,,0,6500000000.0
14,202,71.0,Mặt bằng kinh doanh,,0,7900000000.0
18,262,163.0,Shophouse,,0,6860000000.0
17,256,523.0,Shophouse,,0,42000000000.0
18,265,104.0,Shophouse,,0,8580000000.0
7,102,280.0,Shophouse,Hoàn thiện cơ bản,1,19000000000.0
11,159,204.0,Mặt bằng kinh doanh,,0,12800000000.0
16,249,200.0,Mặt bằng kinh doanh,Nội thất đầy đủ,0,400000000.0
17,251,78.0,Mặt bằng kinh doanh,Nội thất đầy đủ,0,280000000.0
14,208,100.0,Mặt bằng kinh doanh,,0,18799000000.0
17,258,160.0,Mặt bằng kinh doanh,Nội thất đầy đủ,0,280000000.0
12,166,100.0,Mặt bằng kinh doanh,,0,14500000000.0
20,285,20.0,Mặt bằng kinh doanh,Nội thất đầy đủ,1,765000000.0
15,234,43.0,Mặt bằng kinh doanh,,0,12000000000.0
16,238,27.0,Mặt bằng kinh doanh,,0,12000000000.0
11,162,286.0,Mặt bằng kinh doanh,Hoàn thiện cơ bản,0,9000000000.0
12,163,100.0,Mặt bằng kinh doanh,,0,50000000.0
11,162,344.0,Mặt bằng kinh doanh,,1,9000000000.0
11,157,70.0,Mặt bằng kinh doanh,,0,4300000000.0
16,250,58.0,Mặt bằng kinh doanh,Nội thất cao cấp,0,16829999999.999998
13,192,130.0,Mặt bằng kinh doanh,,0,27200000000.0
8,111,78.0,Mặt bằng kinh doanh,Hoàn thiện cơ bản,0,16800000000.0
8,110,150.0,Mặt bằng kinh doanh,Hoàn thiện cơ bản,0,25500000000.0
13,199,48.2,Mặt bằng kinh doanh,Hoàn thiện cơ bản,1,13000000000.0
7,102,35.0,Shophouse,,0,150000000.0
12,171,65.0,Shophouse,Hoàn thiện cơ bản,0,1335000000.0
16,247,42.0,Mặt bằng kinh doanh,,0,11000000000.0
1,26,202.0,Shophouse,Hoàn thiện cơ bản,0,7900000000.0
12,167,160.0,Mặt bằng kinh doanh,Nội thất đầy đủ,0,130000000.0
1,21,190.0,Mặt bằng kinh doanh,Nội thất đầy đủ,0,1250000000.0
21,316,250.0,Mặt bằng kinh doanh,,0,4800000000.0
11,330,60.0,Mặt bằng kinh doanh,,0,5600000000.0
11,162,115.0,Shophouse,,0,9000000000.0
12,165,200.0,Mặt bằng kinh doanh,,0,250000000.0
17,257,108.0,Mặt bằng kinh doanh,Nội thất đầy đủ,0,12900000000.0
21,313,117.6,Mặt bằng kinh doanh,,0,5500000000.0
11,162,80.0,Mặt bằng kinh doanh,Nội thất cao cấp,0,7900000000.0
2,36,60.0,Mặt bằng kinh doanh,Nội thất đầy đủ,0,900000000.0
1,19,67.0,Mặt bằng kinh doanh,Hoàn thiện cơ bản,0,7450000000.0
12,165,220.0,Mặt bằng kinh doanh,,0,280000000.0
1,35,300.0,Mặt bằng kinh doanh,,0,500000000.0
12,163,185.0,Mặt bằng kinh doanh,,0,230000000.0
21,317,400.0,Mặt bằng kinh doanh,,0,800000000.0
21,312,280.0,Mặt bằng kinh doanh,,0,290000000.0
11,157,250.0,Mặt bằng kinh doanh,,0,400000000.0
12,168,300.0,Mặt bằng kinh doanh,,0,1050000000.0
14,218,300.0,Mặt bằng kinh doanh,,0,1200000000.0
12,165,220.0,Mặt bằng kinh doanh,,0,500000000.0
11,161,200.0,Mặt bằng kinh doanh,,0,450000000.0
0,0,121.0,Văn phòng,,0,34000000000.0
12,170,420.0,Mặt bằng kinh doanh,Nội thất đầy đủ,0,290000000.0
16,248,75.0,Mặt bằng kinh doanh,,0,200000000.0
17,253,54.0,Mặt bằng kinh doanh,,0,170000000.0
1,29,150.0,Mặt bằng kinh doanh,,0,220000000.0
1,31,200.0,Mặt bằng kinh doanh,,0,220000000.0
12,171,60.0,Mặt bằng kinh doanh,,0,120000000.0
8,111,80.0,Mặt bằng kinh doanh,,0,120000000.0
17,253,50.0,Mặt bằng kinh doanh,,0,130000000.0
14,209,300.0,Mặt bằng kinh doanh,,0,550000000.0
13,190,35.0,Mặt bằng kinh doanh,,0,140000000.0
13,199,200.0,Mặt bằng kinh doanh,,0,450000000.0
1,21,64.0,Mặt bằng kinh doanh,,0,550000000.0
8,110,123.0,Mặt bằng kinh doanh,,0,420000000.0
17,257,120.0,Mặt bằng kinh doanh,,0,250000000.0
16,240,84.0,Mặt bằng kinh doanh,Nội thất đầy đủ,0,75000000.0
1,3,132.5,Shophouse,Hoàn thiện cơ bản,0,5200000000.0
1,3,132.5,Mặt bằng kinh doanh,,0,5200000000.0
11,162,400.0,Mặt bằng kinh doanh,,1,27000000000.0
8,113,156.0,Shophouse,,0,7900000000.0
7,104,135.0,Mặt bằng kinh doanh,Nội thất cao cấp,0,35000000000.0
2,327,35.0,Mặt bằng kinh doanh,,0,15500000000.0
7,103,181.0,Mặt bằng kinh doanh,,0,37200000000.0
16,333,426.0,Mặt bằng kinh doanh,Nội thất đầy đủ,0,28400000000.0
14,221,100.0,Mặt bằng kinh doanh,Nội thất đầy đủ,0,160000000.0
12,166,250.0,Mặt bằng kinh doanh,Nội thất đầy đủ,0,700000000.0
16,249,70.0,Mặt bằng kinh doanh,Nội thất đầy đủ,0,220000000.0
13,199,100.0,Mặt bằng kinh doanh,,0,200000000.0
11,160,148.2,Mặt bằng kinh doanh,Hoàn thiện cơ bản,0,6500000000.0
21,308,185.0,Văn phòng,,0,6500000000.0
12,167,200.0,Mặt bằng kinh doanh,Nội thất đầy đủ,0,250000000.0
12,163,540.0,Mặt bằng kinh doanh,,0,28000000000.0
16,246,106.0,Shophouse,,1,7500000000.0
0,0,100.0,Shophouse,Hoàn thiện cơ bản,1,9700000000.0
1,5,300.0,Mặt bằng kinh doanh,,0,26900000000.0
21,316,470.0,Mặt bằng kinh doanh,,0,7900000000.0
18,277,450.0,Mặt bằng kinh doanh,Hoàn thiện cơ bản,0,11000000000.0
1,19,64.0,Shophouse,,0,3900000000.0
1,18,200.0,Văn phòng,Hoàn thiện cơ bản,0,35000000000.0
21,308,550.0,Mặt bằng kinh doanh,,0,16899999999.999998
2,36,48.0,Mặt bằng kinh doanh,Nội thất cao cấp,0,23800000000.0
12,167,92.0,Mặt bằng kinh doanh,,1,9880000.0
2,38,86.0,Mặt bằng kinh doanh,Nội thất cao cấp,0,34500000000.0
2,36,71.0,Mặt bằng kinh doanh,Nội thất cao cấp,0,47000000000.0
1,17,168.0,Mặt bằng kinh doanh,,0,25000000000.0
12,167,68.0,Shophouse,,0,3680000000.0
17,254,40.0,Mặt bằng kinh doanh,Nội thất đầy đủ,0,5580000.0
16,247,21.6,Mặt bằng kinh doanh,Hoàn thiện cơ bản,0,3100000000.0
2,40,350.0,Mặt bằng kinh doanh,,0,2500000000.0
14,208,45.0,Mặt bằng kinh doanh,Hoàn thiện cơ bản,0,6450000000.0
14,208,53.0,Mặt bằng kinh doanh,Nội thất đầy đủ,0,4750000000.0
12,165,100.0,Mặt bằng kinh doanh,Nội thất cao cấp,1,13900000000.0
12,165,96.0,Mặt bằng kinh doanh,Hoàn thiện cơ bản,1,12500000000.0
11,160,73.5,Mặt bằng kinh doanh,Nội thất đầy đủ,0,7900000000.0
11,331,75.0,Mặt bằng kinh doanh,Hoàn thiện cơ bản,0,6100000000.0
18,262,200.0,Shophouse,,0,8199999999.999999
13,200,85.0,Mặt bằng kinh doanh,Bàn giao thô,1,7000000000.0
12,169,200.0,Mặt bằng kinh doanh,,0,19900000000.0
13,180,56.0,Shophouse,,1,6200000000.0
13,190,72.0,Mặt bằng kinh doanh,,0,12800000000.0
14,207,144.0,Mặt bằng kinh doanh,Nội thất đầy đủ,0,14000000000.0
13,189,53.0,Mặt bằng kinh doanh,Nội thất đầy đủ,1,3200000000.0
13,194,30.0,Mặt bằng kinh doanh,,0,400000000.0
12,163,128.0,Mặt bằng kinh doanh,,0,75000000.0
1,19,80.0,Mặt bằng kinh doanh,,0,100000000.0
1,22,50.0,Mặt bằng kinh doanh,,0,140000000.0
1,10,132.0,Mặt bằng kinh doanh,,0,200000000.0
17,251,78.0,Mặt bằng kinh doanh,Nội thất đầy đủ,0,280000000.0
7,102,267.0,Shophouse,Hoàn thiện cơ bản,1,20000000000.0
16,249,100.0,Shophouse,,0,6000000.0
17,257,100.0,Mặt bằng kinh doanh,Hoàn thiện cơ bản,0,7800000000.0
13,200,60.0,Mặt bằng kinh doanh,Nội thất đầy đủ,0,98000000.0
9,137,63.0,Mặt bằng kinh doanh,Nội thất đầy đủ,0,18000000000.0
17,251,155.2,Mặt bằng kinh doanh,Nội thất đầy đủ,0,19500000000.0
14,213,77.0,Mặt bằng kinh doanh,,0,4400000000.0
16,240,450.0,Mặt bằng kinh doanh,,0,450000000.0
3,329,105.0,Mặt bằng kinh doanh,Hoàn thiện cơ bản,0,55000000.0
7,102,150.0,Mặt bằng kinh doanh,Nội thất cao cấp,0,7300000.0
1,4,60.0,Mặt bằng kinh doanh,Nội thất đầy đủ,0,115000000.0
8,113,156.0,Shophouse,,0,7000000000.0
13,190,100.0,Mặt bằng kinh doanh,,0,250000000.0
13,201,10.0,Mặt bằng kinh doanh,Hoàn thiện cơ bản,0,60000000.0
14,212,72.0,Mặt bằng kinh doanh,Nội thất đầy đủ,0,120000000.0
9,131,35.0,Mặt bằng kinh doanh,Nội thất đầy đủ,0,8000000.0
1,19,30.0,Mặt bằng kinh doanh,Nội thất đầy đủ,0,9500000.0
14,212,100.0,Mặt bằng kinh doanh,Nội thất đầy đủ,0,450000000.0
15,234,10.0,Mặt bằng kinh doanh,Hoàn thiện cơ bản,0,7500000.0
12,167,200.0,Mặt bằng kinh doanh,,0,140000000.0
1,13,50.0,Shophouse,Bàn giao thô,0,7000000000.0
14,208,100.0,Mặt bằng kinh doanh,,0,28000000000.0
16,250,70.0,Shophouse,,1,5900000000.0
1,26,500.0,Mặt bằng kinh doanh,,0,750000000.0
16,240,11.0,Mặt bằng kinh doanh,Nội thất đầy đủ,0,9000000.0
11,155,55.0,Mặt bằng kinh doanh,Nội thất đầy đủ,0,12100000000.0
16,249,270.0,Mặt bằng kinh doanh,Nội thất đầy đủ,0,650000000.0
11,155,104.0,Mặt bằng kinh doanh,,0,13800000000.0
7,104,180.0,Mặt bằng kinh doanh,Hoàn thiện cơ bản,1,30000000.0
1,27,133.0,Văn phòng,,0,26000000000.0
1,16,36.0,Văn phòng,,0,90000000.0
1,10,14.64,Văn phòng,Hoàn thiện cơ bản,0,20000000.0
9,136,10.0,Mặt bằng kinh doanh,,0,10000000.0
1,3,181.9,Shophouse,,0,32000000000.0
8,113,32.0,Mặt bằng kinh doanh,,0,4200000000.0
13,194,32.0,Shophouse,Nội thất đầy đủ,0,50000000.0
16,238,133.0,Mặt bằng kinh doanh,Nội thất đầy đủ,0,34000000000.0
1,26,200.0,Mặt bằng kinh doanh,,0,110000000.0
11,161,106.0,Mặt bằng kinh doanh,,0,13000000.0
6,95,90.0,Mặt bằng kinh doanh,Nội thất đầy đủ,0,130000000.0
0,0,152.0,Shophouse,,0,5200000000.0
16,238,57.5,Mặt bằng kinh doanh,Hoàn thiện cơ bản,0,16000000000.0
12,167,327.0,Mặt bằng kinh doanh,,0,550000000.0
7,104,100.0,Văn phòng,Nội thất cao cấp,0,22000000.0
17,261,54.0,Mặt bằng kinh doanh,,1,8800000000.0
12,171,40.0,Mặt bằng kinh doanh,,0,17000000.0
7,99,60.0,Mặt bằng kinh doanh,Nội thất đầy đủ,0,80000000.0
13,200,30.0,Mặt bằng kinh doanh,Nội thất đầy đủ,0,160000000.0
2,36,10.0,Mặt bằng kinh doanh,,0,230000000.0
11,161,190.0,Mặt bằng kinh doanh,,0,8000000000.0
15,223,69.0,Mặt bằng kinh doanh,Hoàn thiện cơ bản,0,19500000000.0
21,307,400.0,Mặt bằng kinh doanh,Bàn giao thô,0,17000000.0
7,99,30.0,Shophouse,Nội thất đầy đủ,0,110000000.0
20,301,109.0,Mặt bằng kinh doanh,Hoàn thiện cơ bản,0,60000000.0
22,323,220.0,Văn phòng,,0,50000000.0
11,160,400.0,Mặt bằng kinh doanh,Nội thất cao cấp,0,19000000000.0
16,242,22.0,Mặt bằng kinh doanh,Hoàn thiện cơ bản,0,48000000.0
7,99,78.0,Officetel,,0,2500000000.0
14,211,57.3,Mặt bằng kinh doanh,Nội thất cao cấp,0,16000000000.0
8,111,80.0,Mặt bằng kinh doanh,,0,17000000.0
2,36,35.0,Mặt bằng kinh doanh,Nội thất đầy đủ,0,120000000.0
3,48,10.0,Mặt bằng kinh doanh,Hoàn thiện cơ bản,0,2300000000.0
3,329,20.0,Mặt bằng kinh doanh,Nội thất đầy đủ,0,100000000.0
17,257,75.0,Mặt bằng kinh doanh,,0,82000000.0
17,256,200.0,Mặt bằng kinh doanh,,0,390000000.0
11,160,67.0,Mặt bằng kinh doanh,Bàn giao thô,1,5900000000.0
1,28,30.0,Mặt bằng kinh doanh,,0,80000000.0
17,254,20.0,Mặt bằng kinh doanh,Bàn giao thô,0,2000000.0
3,47,10.0,Mặt bằng kinh doanh,Hoàn thiện cơ bản,0,2300000000.0
11,155,225.0,Mặt bằng kinh doanh,Bàn giao thô,0,15500000000.0
0,0,50.0,Mặt bằng kinh doanh,,0,98000000.0
1,4,17.5,Mặt bằng kinh doanh,Nội thất đầy đủ,0,150000000.0
17,261,72.0,Mặt bằng kinh doanh,,0,119000000.0
9,131,360.0,Mặt bằng kinh doanh,Nội thất đầy đủ,1,35000000000.0
12,170,100.0,Mặt bằng kinh doanh,Nội thất đầy đủ,0,310000000.0
11,162,120.0,Shophouse,Hoàn thiện cơ bản,1,7900000000.0
12,166,200.0,Mặt bằng kinh doanh,,0,14000000000.0
18,276,40.0,Mặt bằng kinh doanh,Nội thất đầy đủ,0,120000000.0
3,329,45.0,Mặt bằng kinh doanh,,0,280000000.0
11,331,193.0,Mặt bằng kinh doanh,Bàn giao thô,0,11000000000.0
1,8,100.0,Mặt bằng kinh doanh,Nội thất đầy đủ,0,190000000.0
16,333,10.0,Mặt bằng kinh doanh,Nội thất đầy đủ,0,50000000.0
8,115,40.0,Mặt bằng kinh doanh,Nội thất đầy đủ,1,22000000.0
14,210,155.0,Mặt bằng kinh doanh,,1,18500000000.0
17,257,60.0,Mặt bằng kinh doanh,,0,70000000.0
14,212,250.0,Mặt bằng kinh doanh,,0,220000000.0
12,170,240.0,Mặt bằng kinh doanh,Nội thất đầy đủ,0,2700000000.0
17,257,90.0,Mặt bằng kinh doanh,Nội thất cao cấp,0,3800000.0
14,204,300.0,Mặt bằng kinh doanh,Nội thất đầy đủ,0,600000000.0
17,261,160.0,Mặt bằng kinh doanh,,0,170000000.0
14,208,100.0,Mặt bằng kinh doanh,Nội thất đầy đủ,1,160000000.0
16,248,10.0,Mặt bằng kinh doanh,Hoàn thiện cơ bản,0,40000000.0
1,22,20.0,Mặt bằng kinh doanh,Hoàn thiện cơ bản,0,1000000.0
9,137,30.0,Mặt bằng kinh doanh,Nội thất đầy đủ,0,45000000.0
7,104,25.0,Mặt bằng kinh doanh,Hoàn thiện cơ bản,0,10000000.0
12,167,48.0,Mặt bằng kinh doanh,,0,7000000.0
11,157,119.5,Mặt bằng kinh doanh,,0,9500000000.0
17,259,38.5,Mặt bằng kinh doanh,Hoàn thiện cơ bản,0,11000000000.0
11,330,169.0,Mặt bằng kinh doanh,,0,90000000.0
1,3,102.62,Shophouse,Hoàn thiện cơ bản,1,15000000000.0
15,230,60.0,Officetel,,0,100000000.0
7,100,100.0,Mặt bằng kinh doanh,Hoàn thiện cơ bản,0,250000000.0
12,168,54.0,Mặt bằng kinh doanh,Nội thất đầy đủ,0,220000000.0
11,162,282.7,Mặt bằng kinh doanh,Hoàn thiện cơ bản,0,10880000000.0
1,27,20.0,Mặt bằng kinh doanh,Nội thất đầy đủ,1,49000000.0
11,161,200.0,Mặt bằng kinh doanh,,0,700000000.0
16,250,100.0,Shophouse,,1,9500000000.0
7,103,92.0,Mặt bằng kinh doanh,Nội thất đầy đủ,0,13500000000.0
12,170,20.0,Mặt bằng kinh doanh,,0,170000000.0
7,106,61.3,Officetel,Nội thất đầy đủ,0,40000000.0
21,310,200.0,Mặt bằng kinh doanh,,0,60000000.0
1,21,95.0,Mặt bằng kinh doanh,,0,198000000.0
12,171,21.0,Mặt bằng kinh doanh,Nội thất đầy đủ,0,35000000.0
16,250,50.0,Mặt bằng kinh doanh,,0,50000000.0
14,209,48.0,Mặt bằng kinh doanh,Nội thất đầy đủ,0,80000000.0
12,165,270.0,Mặt bằng kinh doanh,,0,450000000.0
7,102,150.0,Mặt bằng kinh doanh,Nội thất cao cấp,0,1000000.0
11,330,180.0,Mặt bằng kinh doanh,,0,120000000.0
16,246,15.0,Mặt bằng kinh doanh,Hoàn thiện cơ bản,0,200000000.0
3,46,10.0,Mặt bằng kinh doanh,,1,590000000.0
2,40,300.0,Mặt bằng kinh doanh,Nội thất cao cấp,0,800000000.0
1,13,97.9,Shophouse,Bàn giao thô,0,11748000000.0
9,136,44.0,Mặt bằng kinh doanh,,0,18000000000.0
11,162,61.0,Mặt bằng kinh doanh,Nội thất cao cấp,0,4250000000.0
9,126,35.0,Mặt bằng kinh doanh,Nội thất đầy đủ,0,12000000.0
3,47,10.0,Mặt bằng kinh doanh,Hoàn thiện cơ bản,0,2300000000.0
8,111,20.0,Mặt bằng kinh doanh,Hoàn thiện cơ bản,0,20000000.0
18,276,200.0,Mặt bằng kinh doanh,Hoàn thiện cơ bản,1,7800000000.0
1,8,114.0,Mặt bằng kinh doanh,,0,350000000.0
9,136,130.0,Officetel,,0,32299999999.999996
17,257,200.0,Mặt bằng kinh doanh,Nội thất đầy đủ,0,2000000000.0
5,69,52.0,Mặt bằng kinh doanh,Nội thất cao cấp,0,180000000.0
14,204,120.0,Mặt bằng kinh doanh,Nội thất đầy đủ,0,80000000.0
14,211,100.0,Mặt bằng kinh doanh,Nội thất cao cấp,0,110000000.0
2,36,30.0,Mặt bằng kinh doanh,Nội thất cao cấp,0,1000000000.0
1,17,88.0,Mặt bằng kinh doanh,,0,10500000000.0
11,330,30.0,Mặt bằng kinh doanh,Nội thất đầy đủ,0,4000000.0
11,330,181.0,Mặt bằng kinh doanh,,0,12500000000.0
16,246,15.0,Mặt bằng kinh doanh,,0,200000000.0
1,19,60.0,Văn phòng,,0,5000000.0
1,11,155.0,Shophouse,Bàn giao thô,0,16600000000.000002
